Country Name,Country Code,Series Name,Series Code,1995 [YR1995],2000 [YR2000],2005 [YR2005],2010 [YR2010],2015 [YR2015],2020 [YR2020],2023 [YR2023]
Afghanistan,AFG,"Goods exports (BoP, current US$)",BX.GSR.MRCH.CD,..,..,..,435773347.55,577859765.734545,776734541.770538,..
Afghanistan,AFG,"Goods imports (BoP, current US$)",BM.GSR.MRCH.CD,..,..,..,4688147551.76784,7246177416.44332,5877640990.86802,..
Albania,ALB,"Goods exports (BoP, current US$)",BX.GSR.MRCH.CD,204900000,95200000,194117835.566333,739411255.845597,855336790.675651,908550736.111017,1984343529.9053
Albania,ALB,"Goods imports (BoP, current US$)",BM.GSR.MRCH.CD,679700000,921000000,2117458690.17944,3775932875.84848,3403344744.61318,4328412668.93892,6895967997.71277
Algeria,DZA,"Goods exports (BoP, current US$)",BX.GSR.MRCH.CD,..,..,46333999999.9979,57098374720.2374,34449182417.5878,21914992637.4198,54985402692.3275
Algeria,DZA,"Goods imports (BoP, current US$)",BM.GSR.MRCH.CD,..,..,19816999999.9991,38797066194.14,52261207236.1659,34907242968.8532,42851913054.6296
American Samoa,ASM,"Goods exports (BoP, current US$)",BX.GSR.MRCH.CD,..,..,..,..,..,..,..
American Samoa,ASM,"Goods imports (BoP, current US$)",BM.GSR.MRCH.CD,..,..,..,..,..,..,..
Andorra,AND,"Goods exports (BoP, current US$)",BX.GSR.MRCH.CD,..,..,..,..,..,169400776.664891,..
Andorra,AND,"Goods imports (BoP, current US$)",BM.GSR.MRCH.CD,..,..,..,..,..,1222357790.72573,..
Angola,AGO,"Goods exports (BoP, current US$)",BX.GSR.MRCH.CD,3722700000,7920710000,24109411611,50594853215.38,33181130225.6441,20937437117.7636,36884699366.8234
Angola,AGO,"Goods imports (BoP, current US$)",BM.GSR.MRCH.CD,1467668000,3039510000,8353237654.472,16666858026.86,20692537061.32,9543140272.92,15084852031.75
Antigua and Barbuda,ATG,"Goods exports (BoP, current US$)",BX.GSR.MRCH.CD,53144444.4444444,52353966.6666667,82670221.4814815,45715381.1111111,67572501.5259259,37147484.898533,94311362.962963
Antigua and Barbuda,ATG,"Goods imports (BoP, current US$)",BM.GSR.MRCH.CD,291040740.740741,342390740.740741,455354766.666667,453883552.962963,426109557.430667,440324785.293741,745674214.444444
Argentina,ARG,"Goods exports (BoP, current US$)",BX.GSR.MRCH.CD,21141832000,26337200000,40434150000,68305873000,56809053493,54945509698.7797,66836201990.6802
Argentina,ARG,"Goods imports (BoP, current US$)",BM.GSR.MRCH.CD,18804317000,23889100000,27300100000,54158763701.51,57594229885.62,40314811521.6899,69773052502.0298
Armenia,ARM,"Goods exports (BoP, current US$)",BX.GSR.MRCH.CD,275019740,313760102,1028698417,1197479193.0037,1623898609.17599,2718848499.94558,8647855412.09876
Armenia,ARM,"Goods imports (BoP, current US$)",BM.GSR.MRCH.CD,674059047,780696904,1663370578.31,3263209401.5128,2810299283.12177,4101001972.86611,11162507846.3514
Aruba,ABW,"Goods exports (BoP, current US$)",BX.GSR.MRCH.CD,1346145251.39665,234692737.430168,4416215839.35408,264525139.664804,329660020.49489,87331576.4179748,..
Aruba,ABW,"Goods imports (BoP, current US$)",BM.GSR.MRCH.CD,926927374.301676,858039106.145252,4296239004.22802,1394245810.05587,1250416885.9957,863180742.564721,..
Australia,AUS,"Goods exports (BoP, current US$)",BX.GSR.MRCH.CD,53307054295.3491,64039984645.4577,106941616296.545,213809938353.332,188212275427.047,251010956094.74,371858038943.585
Australia,AUS,"Goods imports (BoP, current US$)",BM.GSR.MRCH.CD,57543973204.52,68928612290.7895,121206968219.66,202384819753.768,207225205215.02,211738991039.134,288438253710.083
Austria,AUT,"Goods exports (BoP, current US$)",BX.GSR.MRCH.CD,..,..,114048373178.307,145030989197.691,143205030129.221,159252631912.499,213613846729.938
Austria,AUT,"Goods imports (BoP, current US$)",BM.GSR.MRCH.CD,..,..,113094169446.216,146871813411.977,140773144939.041,154132854585.314,209294442697.005
Azerbaijan,AZE,"Goods exports (BoP, current US$)",BX.GSR.MRCH.CD,612343000,1858335000,7398064000,25741126000,15586052000,12588158000,29202114000
Azerbaijan,AZE,"Goods imports (BoP, current US$)",BM.GSR.MRCH.CD,985432000,1539005000,4151643000,6306941000,9773629000,10076564000,16396551000
"Bahamas, The",BHS,"Goods exports (BoP, current US$)",BX.GSR.MRCH.CD,225400000,464800000,549132570,702435000,520531829.165,431367905.486716,861501553.901773
"Bahamas, The",BHS,"Goods imports (BoP, current US$)",BM.GSR.MRCH.CD,1156700000,1983100000,2377432028.185,2591499000,2954035032.73304,2023990102.07208,4074795544.59843
Bahrain,BHR,"Goods exports (BoP, current US$)",BX.GSR.MRCH.CD,4114362021.28252,6194946808.51064,10242021276.5957,13647074468.0851,16540425531.9149,14065691489.3617,24813563829.7872
Bahrain,BHR,"Goods imports (BoP, current US$)",BM.GSR.MRCH.CD,3488298142.93093,4375292553.19149,8870744680.85106,11190425531.9149,15709574468.0851,14192819148.9362,20310904255.3191
Bangladesh,BGD,"Goods exports (BoP, current US$)",BX.GSR.MRCH.CD,3733288293.67246,6398441702.82782,9054546739.81248,19209407428.1808,31736035719.1971,32456147196.7468,52506389571.7054
Bangladesh,BGD,"Goods imports (BoP, current US$)",BM.GSR.MRCH.CD,6057382131.99787,8025436323.20821,12343724235.1304,25081635495.4849,37856277963.4514,48849737649.4388,62158521294.3891
Barbados,BRB,"Goods exports (BoP, current US$)",BX.GSR.MRCH.CD,239800000,316141999,508125675.77,722478470.29858,939688878.519405,..,..
Barbados,BRB,"Goods imports (BoP, current US$)",BM.GSR.MRCH.CD,729189647.860315,1075933113.14715,1499394780.77324,1483924496.90423,1530568363.24698,..,..
Belarus,BLR,"Goods exports (BoP, current US$)",BX.GSR.MRCH.CD,4803000000,6035300000,15194000000,24506100000,26164300000,28395600000,39037500000
Belarus,BLR,"Goods imports (BoP, current US$)",BM.GSR.MRCH.CD,5468700000,7062900000,16053700000,33794800000,28306800000,30388600000,41565200000
Belgium,BEL,"Goods exports (BoP, current US$)",BX.GSR.MRCH.CD,..,..,227937060847.95,271416529007.791,250722110614.369,301619167461.284,389936584465.512
Belgium,BEL,"Goods imports (BoP, current US$)",BM.GSR.MRCH.CD,..,..,224065391559.6,276154055605.482,248869835190.672,291440989798.551,386913077599.464
Belize,BLZ,"Goods exports (BoP, current US$)",BX.GSR.MRCH.CD,164552000,261923857.555,308048780.4425,475729501.242996,537911604.854103,288753129.073657,488061500.404188
Belize,BLZ,"Goods imports (BoP, current US$)",BM.GSR.MRCH.CD,230602000,467658722.31075,544213649.4343,647223347.839414,961264733.302456,731431929.970358,1265415549.92276
Benin,BEN,"Goods exports (BoP, current US$)",BX.GSR.MRCH.CD,419936213.605216,393306762.291774,578343031.806262,1282783670.83008,2392374854.60175,2995822076.06074,..
Benin,BEN,"Goods imports (BoP, current US$)",BM.GSR.MRCH.CD,622454732.655873,516053905.127863,863706926.736041,1776908236.668,2916041759.46246,3152060630.04811,..
Bermuda,BMU,"Goods exports (BoP, current US$)",BX.GSR.MRCH.CD,..,..,..,14684082.319868,21438542.45,10760815.4258651,..
Bermuda,BMU,"Goods imports (BoP, current US$)",BM.GSR.MRCH.CD,..,..,..,988034768.18,939692650.76,926883082.2,..
Bhutan,BTN,"Goods exports (BoP, current US$)",BX.GSR.MRCH.CD,..,..,..,521649960.61734,581541423.500904,651940784.289152,686913928.846103
Bhutan,BTN,"Goods imports (BoP, current US$)",BM.GSR.MRCH.CD,..,..,..,795022573.219521,1008584799.05262,962955628.818722,1431786844.53779
Bolivia,BOL,"Goods exports (BoP, current US$)",BX.GSR.MRCH.CD,1041400000,1139092096.03,2622226566.01205,6129300487.3046,8684018275.65134,7013096617.01611,10793376159.7197
Bolivia,BOL,"Goods imports (BoP, current US$)",BM.GSR.MRCH.CD,1223700000,1610160000,2182590109.28,5006774120.3598,9071898887.29365,6333861464.06692,10531914109.1752
Bosnia and Herzegovina,BIH,"Goods exports (BoP, current US$)",BX.GSR.MRCH.CD,..,1129815179.29108,2555319693.15569,3392868172.9482,4079614411.05779,5508172063.75543,8571089544.54006
Bosnia and Herzegovina,BIH,"Goods imports (BoP, current US$)",BM.GSR.MRCH.CD,..,3894169621.05155,7454235178.58048,8253151004.7465,8146989599.62302,9167679112.50204,14244803401.6134
Botswana,BWA,"Goods exports (BoP, current US$)",BX.GSR.MRCH.CD,2160192482.04198,2675138476.7153,4438400213.02585,4693348193.41368,6271625272.56429,4341311311.13651,5756947778.6155
Botswana,BWA,"Goods imports (BoP, current US$)",BM.GSR.MRCH.CD,1605435862.16516,1773065062.5787,2850552645.72238,5681110011.22376,6974017831.65318,6289874195.90258,6212597548.13675
Brazil,BRA,"Goods exports (BoP, current US$)",BX.GSR.MRCH.CD,46506000000,55187572648,118413811544,201197085781.18,189913957044.055,210690506940.955,343819143475.155
Brazil,BRA,"Goods imports (BoP, current US$)",BM.GSR.MRCH.CD,49663000000,56976350170,74692215554,182839148395.13,172469005395.53,175026917790.14,251543706886.58
British Virgin Islands,VGB,"Goods exports (BoP, current US$)",BX.GSR.MRCH.CD,..,..,..,..,..,..,..
British Virgin Islands,VGB,"Goods imports (BoP, current US$)",BM.GSR.MRCH.CD,..,..,..,..,..,..,..
Brunei Darussalam,BRN,"Goods exports (BoP, current US$)",BX.GSR.MRCH.CD,..,..,6240958254.77904,8799576438.04708,6125471665.4663,6535165749.07934,11238393531.6144
Brunei Darussalam,BRN,"Goods imports (BoP, current US$)",BM.GSR.MRCH.CD,..,..,1411802451.62396,2568019073.16445,3215783469.68027,5175992496.69625,7438797774.15791
Bulgaria,BGR,"Goods exports (BoP, current US$)",BX.GSR.MRCH.CD,5345000000,4824629175,11790949972.7712,18741520000,24301220000,31160920000,47066100000
Bulgaria,BGR,"Goods imports (BoP, current US$)",BM.GSR.MRCH.CD,5224000000,6000151670.44,17204395497.8046,23520630000,27210600000,33416930000,51309050000
Burkina Faso,BFA,"Goods exports (BoP, current US$)",BX.GSR.MRCH.CD,..,..,481050691.591492,1592528572.29971,2364117632.93816,4846982739.9002,..
Burkina Faso,BFA,"Goods imports (BoP, current US$)",BM.GSR.MRCH.CD,..,..,1034856985.97177,1725076592.77463,2605530312.16461,3517024015.7414,..
Burundi,BDI,"Goods exports (BoP, current US$)",BX.GSR.MRCH.CD,112889502.817733,49052598.9583815,60801764.337049,101236293.907907,120838367.466551,185344387.665184,259266881.908938
Burundi,BDI,"Goods imports (BoP, current US$)",BM.GSR.MRCH.CD,175558291.542797,107858715.460542,188911994.721288,438394337.32052,617998155.92418,784668173.196504,1067885129.7099
Cabo Verde,CPV,"Goods exports (BoP, current US$)",BX.GSR.MRCH.CD,14484342.4705066,30611338.5942811,77161967.3102613,122722538.537583,158562229.050704,128677755.285555,256975722.774798
Cabo Verde,CPV,"Goods imports (BoP, current US$)",BM.GSR.MRCH.CD,233614590.562109,222345361.664614,427276652.529121,805639464.430119,629178642.86857,789113319.583202,1150126617.76776
Cambodia,KHM,"Goods exports (BoP, current US$)",BX.GSR.MRCH.CD,855200000,1397116191.19578,2907982185.75998,3902895992.33006,9336304091.55421,19055244839.8551,23564391215.9118
Cambodia,KHM,"Goods imports (BoP, current US$)",BM.GSR.MRCH.CD,1186800000,1935729762.62205,3918271202.00642,6587517405.19446,13285145515.2091,21065984618.7032,26550635328.0034
Cameroon,CMR,"Goods exports (BoP, current US$)",BX.GSR.MRCH.CD,1735916523.09712,1979110409.14417,3266523818.31354,4317471246.33679,5219111885.85913,4415761476.81647,..
Cameroon,CMR,"Goods imports (BoP, current US$)",BM.GSR.MRCH.CD,1109028840.47049,1476891324.68541,2884716692.50836,4630409394.21336,5591229015.39278,5095127570.69579,..
Canada,CAN,"Goods exports (BoP, current US$)",BX.GSR.MRCH.CD,192930925885.201,288048191646.866,370564797070.01,392358819093.85,411129878290.903,390557430210.214,569147009422.92
Canada,CAN,"Goods imports (BoP, current US$)",BM.GSR.MRCH.CD,167288493745.016,243653094237.564,319980738184.783,401725653270.845,429745146704.688,420834199766.056,570607453381.223
Cayman Islands,CYM,"Goods exports (BoP, current US$)",BX.GSR.MRCH.CD,..,..,..,..,..,611341458.977716,..
Cayman Islands,CYM,"Goods imports (BoP, current US$)",BM.GSR.MRCH.CD,..,..,..,..,..,1234187571.691,..
Central African Republic,CAF,"Goods exports (BoP, current US$)",BX.GSR.MRCH.CD,..,..,..,..,..,..,..
Central African Republic,CAF,"Goods imports (BoP, current US$)",BM.GSR.MRCH.CD,..,..,..,..,..,..,..
Chad,TCD,"Goods exports (BoP, current US$)",BX.GSR.MRCH.CD,..,..,..,..,..,..,..
Chad,TCD,"Goods imports (BoP, current US$)",BM.GSR.MRCH.CD,..,..,..,..,..,..,..
Channel Islands,CHI,"Goods exports (BoP, current US$)",BX.GSR.MRCH.CD,..,..,..,..,..,..,..
Channel Islands,CHI,"Goods imports (BoP, current US$)",BM.GSR.MRCH.CD,..,..,..,..,..,..,..
Chile,CHL,"Goods exports (BoP, current US$)",BX.GSR.MRCH.CD,16025000000,19209887166.01,42082076283.9494,71422337518.894,62120249897.7929,74024363032.9097,94557422789.3555
Chile,CHL,"Goods imports (BoP, current US$)",BM.GSR.MRCH.CD,14644000000,17028810000,30616765737.6835,55107733124.4607,58544405842.4844,55107524956.2133,79233989631.0801
China,CHN,"Goods exports (BoP, current US$)",BX.GSR.MRCH.CD,128109690000,111331687000,694870272887.864,1478072761421.33,2142753416452.3,2510014622024.19,3179192962108.03
China,CHN,"Goods imports (BoP, current US$)",BM.GSR.MRCH.CD,110059580000,124897211000,564741526453.618,1239986291933.41,1566562344086.59,1998911642462.18,2585296488447.71
Colombia,COL,"Goods exports (BoP, current US$)",BX.GSR.MRCH.CD,10592634723.8552,13744694741.4695,21708662781.1619,40761915542.2437,38572113082.3551,32308967194.8777,52641941235.9423
Colombia,COL,"Goods imports (BoP, current US$)",BM.GSR.MRCH.CD,13128212189,11042499112.5429,20094366338.4245,38405832816.0628,52050752072.5838,41178755257.089,59373499191.3836
Comoros,COM,"Goods exports (BoP, current US$)",BX.GSR.MRCH.CD,11315399.3242327,..,14391426.5519998,22597938.0658237,16956644.8355834,22062069.4182266,32067621.9078402
Comoros,COM,"Goods imports (BoP, current US$)",BM.GSR.MRCH.CD,53497049.6379621,..,92599764.0978964,177513311.886162,185304455.186966,239214555.150512,298674086.563677
"Congo, Dem. Rep.",COD,"Goods exports (BoP, current US$)",BX.GSR.MRCH.CD,..,..,2402800000,8477900000,10284773559.9695,13788701762.6233,29600921210.8413
"Congo, Dem. Rep.",COD,"Goods imports (BoP, current US$)",BM.GSR.MRCH.CD,..,..,2690400000,8042500000,10574609454.436,11865260000,28000329980.3033
"Congo, Rep.",COG,"Goods exports (BoP, current US$)",BX.GSR.MRCH.CD,1286599269.22613,2497989402.22498,4747198294.63055,8539145100.46647,4680230464.72499,4435821892.80186,..
"Congo, Rep.",COG,"Goods imports (BoP, current US$)",BM.GSR.MRCH.CD,654168145.297447,456409967.901112,1306001096.95669,3973506061.22049,5789624954.44514,2237300750.72649,..
Costa Rica,CRI,"Goods exports (BoP, current US$)",BX.GSR.MRCH.CD,2569400000,4179869135.036,5568947320.24932,7492546076.85638,9452400028.07706,12066682924.6685,18886359991.6047
Costa Rica,CRI,"Goods imports (BoP, current US$)",BM.GSR.MRCH.CD,3046100000,5180937180.6705,7615032589.95665,11040420104.4547,14059490160.2332,14085001056.9669,22044726871.3541
Cote d'Ivoire,CIV,"Goods exports (BoP, current US$)",BX.GSR.MRCH.CD,..,..,7592014244.94057,11421347029.1804,11735247561.1794,12499992627.5662,..
Cote d'Ivoire,CIV,"Goods imports (BoP, current US$)",BM.GSR.MRCH.CD,..,..,5098826667.23391,7796223789.3865,8565435529.77399,9517832243.71766,..
Croatia,HRV,"Goods exports (BoP, current US$)",BX.GSR.MRCH.CD,4517259000,3163299916.20404,7525237049.90281,10684153211.1631,11283173786.5403,13765549044.9997,20762224971.2185
Croatia,HRV,"Goods imports (BoP, current US$)",BM.GSR.MRCH.CD,7744877260.7507,6632569890.79397,17023971543.5963,18522333342.1379,19197058058.7417,23862165303.4509,39713279128.1758
Cuba,CUB,"Goods exports (BoP, current US$)",BX.GSR.MRCH.CD,..,..,..,..,..,..,..
Cuba,CUB,"Goods imports (BoP, current US$)",BM.GSR.MRCH.CD,..,..,..,..,..,..,..
Curacao,CUW,"Goods exports (BoP, current US$)",BX.GSR.MRCH.CD,..,..,..,..,407324022.346369,270977840.564246,560187524.921788
Curacao,CUW,"Goods imports (BoP, current US$)",BM.GSR.MRCH.CD,..,..,..,..,1518519553.07263,1209349539.7095,1829830665.24022
Cyprus,CYP,"Goods exports (BoP, current US$)",BX.GSR.MRCH.CD,1228725067.8849,950924374.581381,2045509062.5305,3563355681.85492,3195208095.9638,3375193283.9885,4698962673.03534
Cyprus,CYP,"Goods imports (BoP, current US$)",BM.GSR.MRCH.CD,3314175871.1758,3556606001.94186,5785975202.67203,9757308374.30782,6781557972.197,8217264386.85846,12388881520.1361
Czechia,CZE,"Goods exports (BoP, current US$)",BX.GSR.MRCH.CD,15816447989.8108,19644621430.3602,71554951811.2085,115073264308.997,128168650727.529,144500533136.228,196981611457.252
Czechia,CZE,"Goods imports (BoP, current US$)",BM.GSR.MRCH.CD,20841309905.2907,25544095995.6033,70694381723.3122,112974269862.914,120537758449.62,132251778107.951,183906396319.317
Denmark,DNK,"Goods exports (BoP, current US$)",BX.GSR.MRCH.CD,50348228652.08,50083927656.511,81513296556.4452,101132497732.666,103715589913.225,119508754674.753,160576817849.811
Denmark,DNK,"Goods imports (BoP, current US$)",BM.GSR.MRCH.CD,43820531999.6185,43442836590.6923,72395157633.155,85208376995.668,89413791664.9913,101649229277.783,130363943240.071
Djibouti,DJI,"Goods exports (BoP, current US$)",BX.GSR.MRCH.CD,32010848.4647284,31628226.2647633,39500115.3493397,85133439.4922378,2582238452.40574,2784611835.40493,4771508501.82027
Djibouti,DJI,"Goods imports (BoP, current US$)",BM.GSR.MRCH.CD,179973103.910061,206537212.822345,277316693.018833,373889410.930616,2447071533.471,2911220396.01398,4481877392.60431
Dominica,DMA,"Goods exports (BoP, current US$)",BX.GSR.MRCH.CD,46092592.5925926,54742502.3074074,42909101.837037,33287701.3851852,34876544.4481481,15488131.5573661,23182726.7994074
Dominica,DMA,"Goods imports (BoP, current US$)",BM.GSR.MRCH.CD,99107407.4074074,130389795.555556,145931882.962963,200408641.481481,195356740.740741,187645120.229926,265488183.97037
Dominican Republic,DOM,"Goods exports (BoP, current US$)",BX.GSR.MRCH.CD,872100000,966100000,1395100000,6816000000,9441800000,10301900000,12931900000
Dominican Republic,DOM,"Goods imports (BoP, current US$)",BM.GSR.MRCH.CD,3164200000,6416000000,7366300000,15209900000,16906500000,17105000000,28823100000
Ecuador,ECU,"Goods exports (BoP, current US$)",BX.GSR.MRCH.CD,4460310000,5051684520,10461690880.6726,18131092037.8199,19042747807.6294,20569528780.565,31484016809.6817
Ecuador,ECU,"Goods imports (BoP, current US$)",BM.GSR.MRCH.CD,4522570000,3653382344.86,9703350171.68,19635073726.0753,20692541798.5569,17091854228.2048,29277213174.6046
"Egypt, Arab Rep.",EGY,"Goods exports (BoP, current US$)",BX.GSR.MRCH.CD,4670000000,7061000000,16073200000,25024200000,19030900000,25049007000,34568500000
"Egypt, Arab Rep.",EGY,"Goods imports (BoP, current US$)",BM.GSR.MRCH.CD,12267000000,15382000000,23818200000,45144500000,50419900000,54282937500,60258850000
El Salvador,SLV,"Goods exports (BoP, current US$)",BX.GSR.MRCH.CD,1104792727.61887,1334900000,1864100000,3473156738.59,4436976012.23,3919625501.14,5520612705.86
El Salvador,SLV,"Goods imports (BoP, current US$)",BM.GSR.MRCH.CD,2640673932.70192,3514500000,5393500000,7495374374.07697,9407327324.61219,8945053141.24784,14385343894.0084
Equatorial Guinea,GNQ,"Goods exports (BoP, current US$)",BX.GSR.MRCH.CD,89927159.2792219,..,..,..,..,..,..
Equatorial Guinea,GNQ,"Goods imports (BoP, current US$)",BM.GSR.MRCH.CD,120571350.878905,..,..,..,..,..,..
Eritrea,ERI,"Goods exports (BoP, current US$)",BX.GSR.MRCH.CD,85919591.8931239,36808601.8041237,..,..,..,..,..
Eritrea,ERI,"Goods imports (BoP, current US$)",BM.GSR.MRCH.CD,453075987.482927,471263649.054983,..,..,..,..,..
Estonia,EST,"Goods exports (BoP, current US$)",BX.GSR.MRCH.CD,1296073530.32741,1899671626.13249,5730412672.49101,9910386285.20099,11862878802.1071,15197902503.1982,19473598685.6762
Estonia,EST,"Goods imports (BoP, current US$)",BM.GSR.MRCH.CD,1995828517.92909,2815986132.10103,7650476883.28925,10445382753.9713,12899630440.8822,15675031131.6473,21938665692.5305
Eswatini,SWZ,"Goods exports (BoP, current US$)",BX.GSR.MRCH.CD,859594964.000017,965541030.43375,1601331817.79942,1805286067.01588,1668738476.99708,1739331217.79465,2029035939.89042
Eswatini,SWZ,"Goods imports (BoP, current US$)",BM.GSR.MRCH.CD,1029936712.26343,1056597749.65615,1779914214.70873,1953922456.64785,1491809266.4311,1498505715.06167,1861675642.49118
Ethiopia,ETH,"Goods exports (BoP, current US$)",BX.GSR.MRCH.CD,423017569.044172,486065462.144673,917349757.398932,2479500107.65786,2920026146.26227,3252826739.31433,3469616199.40214
Ethiopia,ETH,"Goods imports (BoP, current US$)",BM.GSR.MRCH.CD,1092783281.78202,1131380361.49943,3700858389.62042,7364532216.06256,14976930462.3856,11762035598.5478,15318231309.9688
Faroe Islands,FRO,"Goods exports (BoP, current US$)",BX.GSR.MRCH.CD,..,476780000,603271415.632384,835113982.83451,..,..,..
Faroe Islands,FRO,"Goods imports (BoP, current US$)",BM.GSR.MRCH.CD,..,514590000,678903959.529157,744694411.642803,..,..,..
Fiji,FJI,"Goods exports (BoP, current US$)",BX.GSR.MRCH.CD,519649205.972981,530125262.748025,680569041.225776,819747577.519129,970193385.833282,819285988.063504,..
Fiji,FJI,"Goods imports (BoP, current US$)",BM.GSR.MRCH.CD,761412657.027733,763037190.480488,1365238036.08891,1558501744.57616,1879449636.80449,1479333712.01752,..
Finland,FIN,"Goods exports (BoP, current US$)",BX.GSR.MRCH.CD,39785143630.0369,45051988704.2153,70041740216.6996,74850418582.1066,58806695990.1068,67416386738.4933,90617951560.877
Finland,FIN,"Goods imports (BoP, current US$)",BM.GSR.MRCH.CD,27337748454.2178,31330736652.768,55269288280.2925,65009454165.2235,56697785382.0991,63995332757.429,80428318516.2381
France,FRA,"Goods exports (BoP, current US$)",BX.GSR.MRCH.CD,270595648089.988,293575962151.954,439682814150.177,507694913963.362,515810730687.988,498103633176.653,679670463459.828
France,FRA,"Goods imports (BoP, current US$)",BM.GSR.MRCH.CD,259192459649.416,292717395729.507,458877283943.667,571216367943.959,542664094923.771,556717028350.037,762008361070.801
French Polynesia,PYF,"Goods exports (BoP, current US$)",BX.GSR.MRCH.CD,..,..,204014362.221507,153547729.471484,127546657.616745,..,..
French Polynesia,PYF,"Goods imports (BoP, current US$)",BM.GSR.MRCH.CD,..,..,1592935567.8299,1732150277.38388,1498869340.06173,..,..
Gabon,GAB,"Goods exports (BoP, current US$)",BX.GSR.MRCH.CD,2726790127.69061,3316005160.26656,5456881214.66911,8857671179.80203,5112624089.88177,..,..
Gabon,GAB,"Goods imports (BoP, current US$)",BM.GSR.MRCH.CD,880892290.115997,798060301.172577,1358849837.1501,3125800173.57762,3171354403.39476,..,..
"Gambia, The",GMB,"Goods exports (BoP, current US$)",BX.GSR.MRCH.CD,122116267.94365,..,104324892.12762,139924084.966761,107519931.788622,70055726.8388251,286583174.478823
"Gambia, The",GMB,"Goods imports (BoP, current US$)",BM.GSR.MRCH.CD,161416309.078418,..,222607885.094773,245762740.742773,334386543.861928,581815543.283709,1226937393.10343
Georgia,GEO,"Goods exports (BoP, current US$)",BX.GSR.MRCH.CD,..,478268156.8,1413899872.71,2393250864.69,3021038528.5,4346525927.47,8119084893.87
Georgia,GEO,"Goods imports (BoP, current US$)",BM.GSR.MRCH.CD,..,1013301784.05,2631405482.56,5021340414.73,6972980228.37,7511521844.33,14196889584.99
Germany,DEU,"Goods exports (BoP, current US$)",BX.GSR.MRCH.CD,484122019159.306,501929316698.023,878773288690.847,1138008679193.07,1176501548439.86,1213282444118.39,1517223235979.04
Germany,DEU,"Goods imports (BoP, current US$)",BM.GSR.MRCH.CD,415917960314.333,443332114445.355,688153163413.517,926733952704.903,904611684678.664,1009462854525.01,1267368577874.4
Ghana,GHA,"Goods exports (BoP, current US$)",BX.GSR.MRCH.CD,1431200000,1936321433.4,2802195812.49545,7960080000,10321186611.031,14471527062.7428,16703024132.1929
Ghana,GHA,"Goods imports (BoP, current US$)",BM.GSR.MRCH.CD,1687800000,2766555192.42862,5347309680.5847,10922100000,13465053155.5226,12428560843.604,14008508080.9147
Gibraltar,GIB,"Goods exports (BoP, current US$)",BX.GSR.MRCH.CD,..,..,..,..,..,..,..
Gibraltar,GIB,"Goods imports (BoP, current US$)",BM.GSR.MRCH.CD,..,..,..,..,..,..,..
Greece,GRC,"Goods exports (BoP, current US$)",BX.GSR.MRCH.CD,5918000000,10120149406.5,17461520086.5922,22244488075.1191,27518376686.1592,33035804104.2281,54087129338.8759
Greece,GRC,"Goods imports (BoP, current US$)",BM.GSR.MRCH.CD,20343000000,30320946978.7653,51680258912.8385,59785809474.8529,47121117239.8802,54171105482.6332,89800044200.2536
Greenland,GRL,"Goods exports (BoP, current US$)",BX.GSR.MRCH.CD,..,..,..,..,..,..,..
Greenland,GRL,"Goods imports (BoP, current US$)",BM.GSR.MRCH.CD,..,..,..,..,..,..,..
Grenada,GRD,"Goods exports (BoP, current US$)",BX.GSR.MRCH.CD,24570370.3703704,82959259.2592593,32865137.037037,31126358.5185185,43712080.9367407,28554717.4521101,111199037.037037
Grenada,GRD,"Goods imports (BoP, current US$)",BM.GSR.MRCH.CD,129777777.777778,220940740.740741,299962962.962963,285573046.666667,307073173.57037,345804479.614815,707147210.740741
Guam,GUM,"Goods exports (BoP, current US$)",BX.GSR.MRCH.CD,..,..,..,..,..,..,..
Guam,GUM,"Goods imports (BoP, current US$)",BM.GSR.MRCH.CD,..,..,..,..,..,..,..
Guatemala,GTM,"Goods exports (BoP, current US$)",BX.GSR.MRCH.CD,1991000000,2713000000,5459500000,7195611440,9084883040,10126634020,13022851060
Guatemala,GTM,"Goods imports (BoP, current US$)",BM.GSR.MRCH.CD,3032600000,4742000000,9650100000,11878178960,15524036340,16440813870,27381983410
Guinea,GIN,"Goods exports (BoP, current US$)",BX.GSR.MRCH.CD,582750000,667477322.879769,842810000,1471210000,1781147781,8931210000,11864660000
Guinea,GIN,"Goods imports (BoP, current US$)",BM.GSR.MRCH.CD,621730000,585850895.353908,739500000,1398490000,2191754718.70711,3727440000,5081420000
Guinea-Bissau,GNB,"Goods exports (BoP, current US$)",BX.GSR.MRCH.CD,23900000,..,89618682.4582105,126600766.843605,252246891.92875,213798110.161763,..
Guinea-Bissau,GNB,"Goods imports (BoP, current US$)",BM.GSR.MRCH.CD,59340000,..,105928482.617288,196571190.667041,206932626.450323,307279709.051086,..
Guyana,GUY,"Goods exports (BoP, current US$)",BX.GSR.MRCH.CD,495700000,502900000,545631000,884979901,1151257152.43,2589971095.96549,..
Guyana,GUY,"Goods imports (BoP, current US$)",BM.GSR.MRCH.CD,536500000,550100000,717080000,1419078767.59911,1352814227.40592,1954481655.2044,..
Haiti,HTI,"Goods exports (BoP, current US$)",BX.GSR.MRCH.CD,88300000,331700000,459620000,563381980.892499,1024284731.50087,885315743.606571,955687262.767272
Haiti,HTI,"Goods imports (BoP, current US$)",BM.GSR.MRCH.CD,517150000,1086720000,1308510000,3010070345.66542,3449376951.3082,3685731794.39789,4714851087.30082
Honduras,HND,"Goods exports (BoP, current US$)",BX.GSR.MRCH.CD,1189700000,1314705269.7158,1898017952.95687,2831735680.93573,3991554376.33511,4291559020.89556,5985151252.40106
Honduras,HND,"Goods imports (BoP, current US$)",BM.GSR.MRCH.CD,1518600000,2679944500,4468269511.33619,6605737887.33412,8659659365.78575,8123184613.34673,14340513320.4937
"Hong Kong SAR, China",HKG,"Goods exports (BoP, current US$)",BX.GSR.MRCH.CD,..,184763525174.534,274879448874.468,388900875385.45,501727778223.763,541267844736.131,574617831937.869
"Hong Kong SAR, China",HKG,"Goods imports (BoP, current US$)",BM.GSR.MRCH.CD,..,164278438253.067,243811811044.085,385608731676.185,524597809465.409,546582663613.572,591098650257.488
Hungary,HUN,"Goods exports (BoP, current US$)",BX.GSR.MRCH.CD,11297475280.8806,24476084604.3191,60095050070.6108,87551406856.2274,87011801650.3179,101390531978.063,136612973193.217
Hungary,HUN,"Goods imports (BoP, current US$)",BM.GSR.MRCH.CD,13797018017.4126,28761433460.8977,62618153400.1532,84991005849.5006,82930429886.0317,102955587493.797,136535066252.777
Iceland,ISL,"Goods exports (BoP, current US$)",BX.GSR.MRCH.CD,1803609057.7503,1828277795.17648,2889198762.97782,4123232725.5837,4681651697.35764,4726023998.34496,6864009371.66815
Iceland,ISL,"Goods imports (BoP, current US$)",BM.GSR.MRCH.CD,1625749036.64234,2414538371.50688,4672427060.33913,3599441219.72875,4926214130.19229,5317355281.49697,8956778742.24468
India,IND,"Goods exports (BoP, current US$)",BX.GSR.MRCH.CD,31238525605.8308,43246625499.6013,102403079760.161,230967060094.886,272352729600,281545477868.04,435637534735.17
India,IND,"Goods imports (BoP, current US$)",BM.GSR.MRCH.CD,37957312940.7161,53887205923.7176,134692007368.16,360146062834.113,409236978522.587,376995339958.457,681110257653.809
Indonesia,IDN,"Goods exports (BoP, current US$)",BX.GSR.MRCH.CD,47454000000,65407380000,81682380000,149965835842.203,149124481790.503,163401805727.815,257666720198.291
Indonesia,IDN,"Goods imports (BoP, current US$)",BM.GSR.MRCH.CD,40921000000,40365380000,64071490000,118963180843.266,135075912646.289,135100529877.347,211472763156.578
"Iran, Islamic Rep.",IRN,"Goods exports (BoP, current US$)",BX.GSR.MRCH.CD,18360000000,28345000000,..,..,..,..,..
"Iran, Islamic Rep.",IRN,"Goods imports (BoP, current US$)",BM.GSR.MRCH.CD,12774000000,15207000000,..,..,..,..,..
Iraq,IRQ,"Goods exports (BoP, current US$)",BX.GSR.MRCH.CD,..,..,23697400000,51760300000,51337497777.87,46863200000,99149186393.31
Iraq,IRQ,"Goods imports (BoP, current US$)",BM.GSR.MRCH.CD,..,..,20002200000,37328000000,40347112000,41048600000,55952500000
Ireland,IRL,"Goods exports (BoP, current US$)",BX.GSR.MRCH.CD,..,..,107715281320.243,118764060275.324,222192699652.6,277233362824.306,330408271578.108
Ireland,IRL,"Goods imports (BoP, current US$)",BM.GSR.MRCH.CD,..,..,67697287156.5158,62109598144.8771,96412177081.752,114617539720.554,161765451775.39
Isle of Man,IMN,"Goods exports (BoP, current US$)",BX.GSR.MRCH.CD,..,..,..,..,..,..,..
Isle of Man,IMN,"Goods imports (BoP, current US$)",BM.GSR.MRCH.CD,..,..,..,..,..,..,..
Israel,ISR,"Goods exports (BoP, current US$)",BX.GSR.MRCH.CD,19525700000,30890200000,40725500000,56247300000,57075200000,59097100000,73360100000
Israel,ISR,"Goods imports (BoP, current US$)",BM.GSR.MRCH.CD,26963900000,34747200000,43887100000,58288000000,60786200000,70522700000,93338300000
Italy,ITA,"Goods exports (BoP, current US$)",BX.GSR.MRCH.CD,233225531785.177,233992291436.346,364685969053.842,433411849724.674,439732075092.985,474601004639.349,629090691476.832
Italy,ITA,"Goods imports (BoP, current US$)",BM.GSR.MRCH.CD,195277654433.297,225178040923.845,365205110995.232,459682470036.506,382503829965.498,396014201138.409,592383006949.86
Jamaica,JAM,"Goods exports (BoP, current US$)",BX.GSR.MRCH.CD,1796000000,1562800000,1664320000,1370358548.73504,1254861537.6531,1250578464.08846,2001896637.73164
Jamaica,JAM,"Goods imports (BoP, current US$)",BM.GSR.MRCH.CD,2625300000,3004300000,4245511574.7122,4629377587.49626,4449380909.58172,4199096278.86924,6401446208.22869
Japan,JPN,"Goods exports (BoP, current US$)",BX.GSR.MRCH.CD,..,454300757252.703,570981940349.276,735436367446.344,622037821678.568,630500349918.276,713824207606.306
Japan,JPN,"Goods imports (BoP, current US$)",BM.GSR.MRCH.CD,..,336333048850.373,464017819272.996,626912367126.021,629372737323.244,603853432040.28,761680544211.812
Jordan,JOR,"Goods exports (BoP, current US$)",BX.GSR.MRCH.CD,1769589378.19923,1899294781.38223,4301410437.23554,7028309859.15493,7832957746.47887,7943239436.61972,12552112676.0563
Jordan,JOR,"Goods imports (BoP, current US$)",BM.GSR.MRCH.CD,3287833949.0011,4073693980.93089,9317273980.6347,13822394366.1972,18165633802.8169,15329047887.3239,22917746478.8732
Kazakhstan,KAZ,"Goods exports (BoP, current US$)",BX.GSR.MRCH.CD,5440000000,9287045820,29693647518.8,62684092722.38,41647392522.75,44065071707.98,80212225690.73
Kazakhstan,KAZ,"Goods imports (BoP, current US$)",BM.GSR.MRCH.CD,5325900000,7060340912.456,17937668810.4701,32891499209.2831,33931512525.3202,38056086661.7418,60350515488.718
Kenya,KEN,"Goods exports (BoP, current US$)",BX.GSR.MRCH.CD,1908394031.73256,1778396179.08854,3459469536.43895,5210877279.49505,5970149702.2294,6051680922.18311,7220182973.66051
Kenya,KEN,"Goods imports (BoP, current US$)",BM.GSR.MRCH.CD,4810372856.97912,3021577321.15368,5586540335.98705,11442207431.8947,14348767064.0599,14390081784.1318,17242909267.9429
Kiribati,KIR,"Goods exports (BoP, current US$)",BX.GSR.MRCH.CD,..,..,..,6658012.45778291,11026875.2599677,9672648.56193422,8067109.54037029
Kiribati,KIR,"Goods imports (BoP, current US$)",BM.GSR.MRCH.CD,..,..,..,70489892.4970109,100447930.140302,107983048.891339,192261705.718015
"Korea, Dem. People's Rep.",PRK,"Goods exports (BoP, current US$)",BX.GSR.MRCH.CD,..,..,..,..,..,..,..
"Korea, Dem. People's Rep.",PRK,"Goods imports (BoP, current US$)",BM.GSR.MRCH.CD,..,..,..,..,..,..,..
"Korea, Rep.",KOR,"Goods exports (BoP, current US$)",BX.GSR.MRCH.CD,119577700000,169523600000,285262000000,463834700000,543082500000,517909300000,645048100000
"Korea, Rep.",KOR,"Goods imports (BoP, current US$)",BM.GSR.MRCH.CD,126581700000,154131100000,252769500000,415902400000,422807500000,437304500000,610955700000
Kosovo,XKX,"Goods exports (BoP, current US$)",BX.GSR.MRCH.CD,..,..,79656236.3189136,394854702.213198,357807181.403158,544541970.216295,941407362.942026
Kosovo,XKX,"Goods imports (BoP, current US$)",BM.GSR.MRCH.CD,..,..,1423288359.63841,2695118180.23693,2695000820.01241,3494429391.96577,5914617524.25619
Kuwait,KWT,"Goods exports (BoP, current US$)",BX.GSR.MRCH.CD,12833068348.8076,19478302067.9872,45302739726.0274,67130070024.2675,55335404100.6898,40248218410.2509,84174001890.0886
Kuwait,KWT,"Goods imports (BoP, current US$)",BM.GSR.MRCH.CD,7254201821.19279,6451474442.26722,15053424657.5343,19569216700.0927,27342757605.5778,24835854373.5108,33028053859.9453
Kyrgyz Republic,KGZ,"Goods exports (BoP, current US$)",BX.GSR.MRCH.CD,408930000,510921779,686837029.761812,1601821437.76181,1571439692.28565,2007177693.38534,..
Kyrgyz Republic,KGZ,"Goods imports (BoP, current US$)",BM.GSR.MRCH.CD,530950000,506216118.703,1105543204.11068,2934924735.37809,3791400265.1306,3446751732.2919,..
Lao PDR,LAO,"Goods exports (BoP, current US$)",BX.GSR.MRCH.CD,216500000,330310000,553078978.120549,1746404988.34642,3653305209.35395,6114934022.33107,8370410742.68006
Lao PDR,LAO,"Goods imports (BoP, current US$)",BM.GSR.MRCH.CD,547200000,535280000,881971754.9,2060426109.28,5675329168.26193,5370403214.53471,7649235232.24693
Latvia,LVA,"Goods exports (BoP, current US$)",BX.GSR.MRCH.CD,1367556000,1320632273.3755,4802928906.92313,8828553085.28137,11583141760.7941,15402919371.8156,20169501296.8217
Latvia,LVA,"Goods imports (BoP, current US$)",BM.GSR.MRCH.CD,1947182000,2204241910.99654,8105412234.45977,11015376244.733,14182533719.7981,17170860030.9802,24118897317.3942
Lebanon,LBN,"Goods exports (BoP, current US$)",BX.GSR.MRCH.CD,..,..,2360965475.16764,4688709890.83,3551392094.1437,3819041876.10099,3848562778.96437
Lebanon,LBN,"Goods imports (BoP, current US$)",BM.GSR.MRCH.CD,..,..,8959193225.20315,17187759343.1869,17196968038.243,10403254183.3842,16686886736.226
Lesotho,LSO,"Goods exports (BoP, current US$)",BX.GSR.MRCH.CD,160080857.701035,245034335.576998,634295930.387434,877656595.602988,928611432.030274,888797225.755818,868628157.63263
Lesotho,LSO,"Goods imports (BoP, current US$)",BM.GSR.MRCH.CD,1114919237.52958,794972751.651811,1289423310.42843,1968700899.77517,1730306615.0185,1602295223.48087,1663093396.0096
Liberia,LBR,"Goods exports (BoP, current US$)",BX.GSR.MRCH.CD,..,..,132262819.564833,199728601.27,283395154.414,607405042.450524,..
Liberia,LBR,"Goods imports (BoP, current US$)",BM.GSR.MRCH.CD,..,..,306380338.275386,515432538.800513,1551395891.1133,997979794.19,..
Libya,LBY,"Goods exports (BoP, current US$)",BX.GSR.MRCH.CD,7482812162.33785,12038000000,28849000000,48935000000,10861000000,9311500000,..
Libya,LBY,"Goods imports (BoP, current US$)",BM.GSR.MRCH.CD,5180500401.437,4129000000,11174000000,24559000000,16428500000,9148000000,..
Liechtenstein,LIE,"Goods exports (BoP, current US$)",BX.GSR.MRCH.CD,..,..,..,..,..,..,..
Liechtenstein,LIE,"Goods imports (BoP, current US$)",BM.GSR.MRCH.CD,..,..,..,..,..,..,..
Lithuania,LTU,"Goods exports (BoP, current US$)",BX.GSR.MRCH.CD,2706095000,3112837500,11210021346.7044,19408634272.7518,21797845831.8932,29202170239.0094,39579721675.9383
Lithuania,LTU,"Goods imports (BoP, current US$)",BM.GSR.MRCH.CD,3404027500,4501547500,14124967480.2833,21428253946.6609,24163602362.5284,29656755263.927,44497297034.1318
Luxembourg,LUX,"Goods exports (BoP, current US$)",BX.GSR.MRCH.CD,..,8635025560.73509,14402858330.4463,23067541794.5704,23652529859.508,24390004928.7468,27253529342.3843
Luxembourg,LUX,"Goods imports (BoP, current US$)",BM.GSR.MRCH.CD,..,11055163352.2577,18668735920.7198,23482538807.7081,22510533298.8477,22806490621.1471,27773636791.2839
"Macao SAR, China",MAC,"Goods exports (BoP, current US$)",BX.GSR.MRCH.CD,..,..,2474495342.50936,974777569.179847,1959887182.7148,4238498124.37783,5741460762.50993
"Macao SAR, China",MAC,"Goods imports (BoP, current US$)",BM.GSR.MRCH.CD,..,..,4817290835.5137,6650889399.39558,13928324303.07,11962970870.0789,17980512258.1686
Madagascar,MDG,"Goods exports (BoP, current US$)",BX.GSR.MRCH.CD,504921701.709673,416345471.733265,830775687.867959,1149778180.04392,2046513284.94142,1948329537.64657,..
Madagascar,MDG,"Goods imports (BoP, current US$)",BM.GSR.MRCH.CD,528287525.997518,632674122.830293,1449112644.89593,2195394617.26859,2375412179.86454,2848557491.6813,..
Malawi,MWI,"Goods exports (BoP, current US$)",BX.GSR.MRCH.CD,445467179.993554,403128764.769624,541368481.928728,1142537954.11528,1153803037.58188,866622699.366866,1051541486.54443
Malawi,MWI,"Goods imports (BoP, current US$)",BM.GSR.MRCH.CD,508771554.086067,461970787.054965,1149964879.31057,2402607685.52008,2220027511.13101,2786106678.34215,2996742514.49418
Malaysia,MYS,"Goods exports (BoP, current US$)",BX.GSR.MRCH.CD,71767170168.553,98240526315.7895,141602986005.871,187335559431.999,174630973653.836,186061725691.075,231428959457.161
Malaysia,MYS,"Goods imports (BoP, current US$)",BM.GSR.MRCH.CD,71870587980.8403,77519236842.1053,108621428220.231,148932471858.897,146687100438.994,153232904068.915,201468722618.981
Maldives,MDV,"Goods exports (BoP, current US$)",BX.GSR.MRCH.CD,85011564.5331811,108673435.92555,161637204.420954,197500739.115292,239837304.463863,257624353.595346,433637635.81405
Maldives,MDV,"Goods imports (BoP, current US$)",BM.GSR.MRCH.CD,235763727.26305,341961956.559252,655480835.351375,1241838404.98787,1894491132.34445,1708097329.58935,3295790967.03012
Mali,MLI,"Goods exports (BoP, current US$)",BX.GSR.MRCH.CD,441832506.236541,545450082.973217,1101300692.66605,2054591327.37868,2717798728.41295,4794043319.98057,..
Mali,MLI,"Goods imports (BoP, current US$)",BM.GSR.MRCH.CD,556788292.977507,592592611.75746,1244039064.08191,2719857732.29039,3193598429.19674,4290024827.99779,..
Malta,MLT,"Goods exports (BoP, current US$)",BX.GSR.MRCH.CD,1944905908.04438,2483988594.02885,2544580277.36346,3345858199.27559,2984806711.74097,3620455395.05471,4335824494.26198
Malta,MLT,"Goods imports (BoP, current US$)",BM.GSR.MRCH.CD,2746898621.68241,3212074669.40825,3691070046.10434,5001408114.91992,5176817493.75894,4872743594.72221,6982725730.10179
Marshall Islands,MHL,"Goods exports (BoP, current US$)",BX.GSR.MRCH.CD,..,..,23464153.8967663,45573226.7769994,38645555.9811202,79819055.5453876,..
Marshall Islands,MHL,"Goods imports (BoP, current US$)",BM.GSR.MRCH.CD,..,..,85128988.1657308,110315127.799805,99050414.3356993,70021985.8922605,..
Mauritania,MRT,"Goods exports (BoP, current US$)",BX.GSR.MRCH.CD,476402820.410733,..,..,..,1388560350.79283,2590779667.20274,3659816978.54058
Mauritania,MRT,"Goods imports (BoP, current US$)",BM.GSR.MRCH.CD,292559818.137451,..,..,..,1948002120.91397,2878853980.07752,4315557758.83966
Mauritius,MUS,"Goods exports (BoP, current US$)",BX.GSR.MRCH.CD,1571695749.24342,1552221327.29993,2138353971.2631,2261494860.83247,2661824492.86479,1788849170.61021,2295349271.29073
Mauritius,MUS,"Goods imports (BoP, current US$)",BM.GSR.MRCH.CD,1812229732.38533,1944356995.50371,2935200755.60326,4156740346.67973,4524114794.3875,3914640434.48231,5895871040.63391
Mexico,MEX,"Goods exports (BoP, current US$)",BX.GSR.MRCH.CD,48438290000,166395943680,214632858400,298859823180,380982474705,417322823429,593573509231
Mexico,MEX,"Goods imports (BoP, current US$)",BM.GSR.MRCH.CD,46274200000,174761226010,222295367588,301802682721,395594899336,383172226938,599122279537
"Micronesia, Fed. Sts.",FSM,"Goods exports (BoP, current US$)",BX.GSR.MRCH.CD,..,..,..,57029100,..,..,..
"Micronesia, Fed. Sts.",FSM,"Goods imports (BoP, current US$)",BM.GSR.MRCH.CD,..,..,..,160024700,..,..,..
Moldova,MDA,"Goods exports (BoP, current US$)",BX.GSR.MRCH.CD,739020000,375700000,886100000,1164601249.64333,1506940000,1944420000,3425500000
Moldova,MDA,"Goods imports (BoP, current US$)",BM.GSR.MRCH.CD,809230000,688000000,2118800000,3491690000,3630670000,5038680000,8294590000
Monaco,MCO,"Goods exports (BoP, current US$)",BX.GSR.MRCH.CD,..,..,..,..,..,..,..
Monaco,MCO,"Goods imports (BoP, current US$)",BM.GSR.MRCH.CD,..,..,..,..,..,..,..
Mongolia,MNG,"Goods exports (BoP, current US$)",BX.GSR.MRCH.CD,451000000,535831384.81,1066100611.13,2907879726.66,4446401782.18698,6990663057.03968,13914296649.2589
Mongolia,MNG,"Goods imports (BoP, current US$)",BM.GSR.MRCH.CD,425700000,608358250.000001,1165601710,3079892252.98932,3883798135.73303,5235104422.79315,9365643604.37145
Montenegro,MNE,"Goods exports (BoP, current US$)",BX.GSR.MRCH.CD,..,..,..,448968163.227892,366221058.96228,468945539.803775,773600874.638118
Montenegro,MNE,"Goods imports (BoP, current US$)",BM.GSR.MRCH.CD,..,..,..,2128054843.12093,1988992714.20291,2342418119.26558,4004599908.83438
Morocco,MAR,"Goods exports (BoP, current US$)",BX.GSR.MRCH.CD,4712633325.99226,4860330166.58436,7328056003.52154,12309391164.7955,18618821762.0766,23678514762.6746,36295292346.8334
Morocco,MAR,"Goods imports (BoP, current US$)",BM.GSR.MRCH.CD,7874841083.13558,9051825085.23369,16697907013.3234,29627263622.2719,33307158475.339,39218082911.9529,61407709696.6318
Mozambique,MOZ,"Goods exports (BoP, current US$)",BX.GSR.MRCH.CD,..,..,1745256186.74838,2333250120.26911,3413270865.70162,3719930900.45346,8276429450.22567
Mozambique,MOZ,"Goods imports (BoP, current US$)",BM.GSR.MRCH.CD,..,..,2242326659.4663,3512426634.08857,7576564546.54843,5921896573.1598,9179618885.48746
Myanmar,MMR,"Goods exports (BoP, current US$)",BX.GSR.MRCH.CD,933238773.841044,1195108984.41437,3502320472.31266,7334734734.75803,9957483516.83612,..,..
Myanmar,MMR,"Goods imports (BoP, current US$)",BM.GSR.MRCH.CD,1756270610.18344,2136889330.87648,1518350280.0405,3857489340.53499,13772426798.6571,..,..
Namibia,NAM,"Goods exports (BoP, current US$)",BX.GSR.MRCH.CD,1418411754.89408,1309458635.56791,2063226776.65957,3918541717.92583,3210644829.16989,3198764473.91067,4647783244.34139
Namibia,NAM,"Goods imports (BoP, current US$)",BM.GSR.MRCH.CD,1548157818.19285,1309967843.05003,2321404909.68939,5225114013.84967,6350912556.72336,4138542067.64221,6283406597.43764
Nauru,NRU,"Goods exports (BoP, current US$)",BX.GSR.MRCH.CD,..,..,..,22382082.8846377,18674214.1768989,7422244.04135034,31810680.3312814
Nauru,NRU,"Goods imports (BoP, current US$)",BM.GSR.MRCH.CD,..,..,..,16233704.448659,61838810.9764129,75464392.8054596,89017127.3272563
Nepal,NPL,"Goods exports (BoP, current US$)",BX.GSR.MRCH.CD,349861549.517167,776142672.301385,902880578.608411,900586741.267646,813179963.939557,890100720.948959,1363519248.3643
Nepal,NPL,"Goods imports (BoP, current US$)",BM.GSR.MRCH.CD,1310834576.66248,1590108862.4133,2276461352.71976,5009190070.62951,6510735868.80194,9597003835.76661,11825996819.0646
Netherlands,NLD,"Goods exports (BoP, current US$)",BX.GSR.MRCH.CD,189150611162.578,197280082903.825,353609264855.666,453822352244.587,465926691582.624,528628377912.707,731871741163.537
Netherlands,NLD,"Goods imports (BoP, current US$)",BM.GSR.MRCH.CD,165064342186.541,180240689273.631,290446010940.288,387017525932.899,390732919187.118,457693305988.256,639884990195.509
New Caledonia,NCL,"Goods exports (BoP, current US$)",BX.GSR.MRCH.CD,..,..,1089617352.55549,1416489168.28327,1239093535.97969,..,..
New Caledonia,NCL,"Goods imports (BoP, current US$)",BM.GSR.MRCH.CD,..,..,1638894807.19217,3032433673.23694,2580441605.50018,..,..
New Zealand,NZL,"Goods exports (BoP, current US$)",BX.GSR.MRCH.CD,..,13378368333.5677,22014762971.497,31726991061.461,34457991637.7954,38280232661.9497,42540391860.3671
New Zealand,NZL,"Goods imports (BoP, current US$)",BM.GSR.MRCH.CD,..,12850309726.6231,25056852917.2233,29725118261.5021,35786384867.006,36801248037.7272,49970386931.1633
Nicaragua,NIC,"Goods exports (BoP, current US$)",BX.GSR.MRCH.CD,469800000,649900000,880430000,2726100000,3873400000,4395800000,6688300000
Nicaragua,NIC,"Goods imports (BoP, current US$)",BM.GSR.MRCH.CD,881400000,1653200000,2404600000,4512900000,6387600000,5338500000,9380200000
Niger,NER,"Goods exports (BoP, current US$)",BX.GSR.MRCH.CD,288064616.732717,283797150.297424,477741118.669346,1152139471.9471,1087745053.41218,1115530528.83132,..
Niger,NER,"Goods imports (BoP, current US$)",BM.GSR.MRCH.CD,305628530.681097,323524949.635777,768816634.719502,1964456894.93875,1976438463.56093,2466383770.40838,..
Nigeria,NGA,"Goods exports (BoP, current US$)",BX.GSR.MRCH.CD,3651450472.6805,19132487905.2876,55201459538.9301,79618734656.9191,45887738522.1211,35944162563.8806,55820814579.1553
Nigeria,NGA,"Goods imports (BoP, current US$)",BM.GSR.MRCH.CD,2558328250.80466,8717239390.08564,26003095375.3337,49520486754.8689,52334758960.5012,52345924542.9969,47745799134.7038
North Macedonia,MKD,"Goods exports (BoP, current US$)",BX.GSR.MRCH.CD,..,688973176,1406720901.3,2617244957,3376974944.02325,5535430677.90724,7823194210.88659
North Macedonia,MKD,"Goods imports (BoP, current US$)",BM.GSR.MRCH.CD,..,1506873965.2,2642109121.5,4648949680.98,5395092976.64145,7595627965.50277,10672091332.4786
Northern Mariana Islands,MNP,"Goods exports (BoP, current US$)",BX.GSR.MRCH.CD,..,..,..,..,..,..,..
Northern Mariana Islands,MNP,"Goods imports (BoP, current US$)",BM.GSR.MRCH.CD,..,..,..,..,..,..,..
Norway,NOR,"Goods exports (BoP, current US$)",BX.GSR.MRCH.CD,42198893127.7528,60249521757.8203,103384075404.363,129118941366.302,103831819247.688,84200855319.8575,173392801659.513
Norway,NOR,"Goods imports (BoP, current US$)",BM.GSR.MRCH.CD,32893803617.0997,33740476346.9503,54743343662.4365,75038153206.6213,76346268040.9582,82135688854.2423,94969946336.6658
Oman,OMN,"Goods exports (BoP, current US$)",BX.GSR.MRCH.CD,6065019505.85176,11318000000,18691807542.2627,36600780234.0702,35682269597.9828,33448398916.4895,59014139377.5199
Oman,OMN,"Goods imports (BoP, current US$)",BM.GSR.MRCH.CD,4049934980.49415,4593000000,8028608582.57477,17874395318.5956,26563679141.7425,25364089923.5726,35169193758.1274
Pakistan,PAK,"Goods exports (BoP, current US$)",BX.GSR.MRCH.CD,8356347225.34176,8657000000,15441000000,21481000000,22707000000,21941000000,28800000000
Pakistan,PAK,"Goods imports (BoP, current US$)",BM.GSR.MRCH.CD,11247761165.1947,9896000000,21683200000,32843000000,39815000000,44113000000,48297000000
Palau,PLW,"Goods exports (BoP, current US$)",BX.GSR.MRCH.CD,..,..,10982251.8998382,11653483.8806717,14753012.0604582,4315000,..
Palau,PLW,"Goods imports (BoP, current US$)",BM.GSR.MRCH.CD,..,..,108083237.18,102753038.3337,156836482.41,154060000,..
Panama,PAN,"Goods exports (BoP, current US$)",BX.GSR.MRCH.CD,6089700000,5824200000,7372600000,14130800000,14208600000,11603009561.61,19095546481.94
Panama,PAN,"Goods imports (BoP, current US$)",BM.GSR.MRCH.CD,6678200000,6969700000,8932100000,18709500000,22541800000,14406725922.83,30180819055.29
Papua New Guinea,PNG,"Goods exports (BoP, current US$)",BX.GSR.MRCH.CD,2670419147.44333,2094113742.33381,3319046267.76996,5748895941.84974,8452946330.16402,9076463165.18032,12622631959.6229
Papua New Guinea,PNG,"Goods imports (BoP, current US$)",BM.GSR.MRCH.CD,1262403722.10329,998798868.027543,1524776825.61717,3531596443.58051,2849505784.20244,3589484043.3122,5022364540.70721
Paraguay,PRY,"Goods exports (BoP, current US$)",BX.GSR.MRCH.CD,5337184199.43358,3640111489.20888,4827685701.13899,10382534285.4055,10883307510.7859,10954940596.2896,16257064188.0776
Paraguay,PRY,"Goods imports (BoP, current US$)",BM.GSR.MRCH.CD,4417737429,2739500000,3682066000,9582870162,10165220164,9729158134.84,15429150680.4459
Peru,PER,"Goods exports (BoP, current US$)",BX.GSR.MRCH.CD,5490435105.31579,6953859189.68713,17365592657.6249,35803080814.2617,34414354525.3062,42825601100.3801,67518106566.5011
Peru,PER,"Goods imports (BoP, current US$)",BM.GSR.MRCH.CD,7422812071.37,7046877429.09,11782184510.235,28391271227.7931,37326428938.1034,34723999957.4667,49840113779.2693
Philippines,PHL,"Goods exports (BoP, current US$)",BX.GSR.MRCH.CD,17447000000,21842000000,25161775241.1157,36771714505.6805,43197106828.9403,48211513848.6389,55394114228.5748
Philippines,PHL,"Goods imports (BoP, current US$)",BM.GSR.MRCH.CD,26391000000,30055000000,37307405807.3696,53630915708.0919,66506329326.4726,81986787675.95,121292727442.908
Poland,POL,"Goods exports (BoP, current US$)",BX.GSR.MRCH.CD,25041000000,35924000000,87755000000,155987000000,182050000000,252355000000,362748000000
Poland,POL,"Goods imports (BoP, current US$)",BM.GSR.MRCH.CD,26687000000,48209000000,94812000000,172783000000,184402000000,244244000000,357618000000
Portugal,PRT,"Goods exports (BoP, current US$)",BX.GSR.MRCH.CD,23809532696.1867,24230391758.1583,38646941792.6498,48937557705.0504,54279489094.7895,59638766800.2663,80637477683.7335
Portugal,PRT,"Goods imports (BoP, current US$)",BM.GSR.MRCH.CD,32917190823.0247,40060675051.2245,61096450338.4584,74742407953.1022,65081974321.2164,73876078101.2076,107394800412.321
Puerto Rico,PRI,"Goods exports (BoP, current US$)",BX.GSR.MRCH.CD,..,..,..,..,..,..,..
Puerto Rico,PRI,"Goods imports (BoP, current US$)",BM.GSR.MRCH.CD,..,..,..,..,..,..,..
Qatar,QAT,"Goods exports (BoP, current US$)",BX.GSR.MRCH.CD,..,..,..,..,77294230769.2308,51503846153.8462,97734775538.4423
Qatar,QAT,"Goods imports (BoP, current US$)",BM.GSR.MRCH.CD,..,..,..,..,28496153846.1538,24366758241.7582,29428571428.5714
Romania,ROU,"Goods exports (BoP, current US$)",BX.GSR.MRCH.CD,7900000000,10143000000,14451881702.1651,43347321846.0737,54502076901.4151,65859398890.5276,93566726931.4735
Romania,ROU,"Goods imports (BoP, current US$)",BM.GSR.MRCH.CD,9473000000,12043000000,28695125737.221,56086692480.1451,63508551837.8692,87535312763.3402,124895131650.746
Russian Federation,RUS,"Goods exports (BoP, current US$)",BX.GSR.MRCH.CD,81175810000,99219930000,240024070000,392674230000,341419050000,333529560000,424482510455.857
Russian Federation,RUS,"Goods imports (BoP, current US$)",BM.GSR.MRCH.CD,60885170000,42130790000,123839020000,245679710000,193021130000,240088600000,302865156693.741
Rwanda,RWA,"Goods exports (BoP, current US$)",BX.GSR.MRCH.CD,..,..,..,297275256.383186,682044871.755398,1407517930.72719,2465949271.34022
Rwanda,RWA,"Goods imports (BoP, current US$)",BM.GSR.MRCH.CD,..,..,..,1083973488.37042,1918650466.20177,3057789069.14459,4834709085.81603
Samoa,WSM,"Goods exports (BoP, current US$)",BX.GSR.MRCH.CD,8761204.61509693,..,11996778.597305,23138699.1111369,33784412.8279011,38293036.0588335,43370656.5139007
Samoa,WSM,"Goods imports (BoP, current US$)",BM.GSR.MRCH.CD,80290153.4154176,..,187164399.02797,279989630.792088,297784406.007841,285909546.295559,429291579.982848
San Marino,SMR,"Goods exports (BoP, current US$)",BX.GSR.MRCH.CD,..,..,..,..,..,1785331839.23889,..
San Marino,SMR,"Goods imports (BoP, current US$)",BM.GSR.MRCH.CD,..,..,..,..,..,1600126487.7328,..
Sao Tome and Principe,STP,"Goods exports (BoP, current US$)",BX.GSR.MRCH.CD,..,2690000,6790804,10933960.7677869,11306367.4623052,13931154.3025916,..
Sao Tome and Principe,STP,"Goods imports (BoP, current US$)",BM.GSR.MRCH.CD,..,25129816,41600342.696,96195918.5203392,118947789.499411,116724510.268656,..
Saudi Arabia,SAU,"Goods exports (BoP, current US$)",BX.GSR.MRCH.CD,49974133333.3333,77480533333.3333,180571733333.333,251142666674.933,203536533333.333,173864000000,322461890853.707
Saudi Arabia,SAU,"Goods imports (BoP, current US$)",BM.GSR.MRCH.CD,25616266666.6667,27704000000,54552906666.6667,97431136000,159271134400,125919762666.667,195554145131.485
Senegal,SEN,"Goods exports (BoP, current US$)",BX.GSR.MRCH.CD,993311757.12859,923297148.450698,1593583069.5555,2166456003.7218,2823307633.62043,4188513933.80979,..
Senegal,SEN,"Goods imports (BoP, current US$)",BM.GSR.MRCH.CD,1242876803.38725,1339887794.52694,2885587233.4661,4086324669.40162,4978895901.49242,6985131793.49472,..
Serbia,SRB,"Goods exports (BoP, current US$)",BX.GSR.MRCH.CD,..,..,..,9074642128.56236,12704442112.7424,18414377842.9599,30199249876.6173
Serbia,SRB,"Goods imports (BoP, current US$)",BM.GSR.MRCH.CD,..,..,..,15328637544.853,16746467423.0038,24354887786.5987,37332905997.6324
Seychelles,SYC,"Goods exports (BoP, current US$)",BX.GSR.MRCH.CD,53234214.7953318,194101618.560857,350101876.909091,400233777.39015,449378320.724329,473095872.091025,541950559.316123
Seychelles,SYC,"Goods imports (BoP, current US$)",BM.GSR.MRCH.CD,208127930.113031,308935738.225179,644553773.463637,781249395.228346,922387179.571984,831756999.795181,1427118172.31086
Sierra Leone,SLE,"Goods exports (BoP, current US$)",BX.GSR.MRCH.CD,41468939.8946659,12795984.9435383,183631022.822183,360172895.80616,581254400.530823,608497105.219277,1261253604.37461
Sierra Leone,SLE,"Goods imports (BoP, current US$)",BM.GSR.MRCH.CD,168134451.630273,136919256.736572,361666544.001644,880749765.624908,1346816171.19526,1220994191.40959,1695794791.04897
Singapore,SGP,"Goods exports (BoP, current US$)",BX.GSR.MRCH.CD,133018431960.49,154942564517.034,242166669921.098,374434748595.841,396222355572.527,417925191309.966,545938485217.088
Singapore,SGP,"Goods imports (BoP, current US$)",BM.GSR.MRCH.CD,122546609048.417,139178134105.714,194519638487.801,311199858208.91,303652101176.513,314230779916.53,391156641759.55
Sint Maarten (Dutch part),SXM,"Goods exports (BoP, current US$)",BX.GSR.MRCH.CD,..,..,..,..,128916201.117318,134137247.111732,231039604.782123
Sint Maarten (Dutch part),SXM,"Goods imports (BoP, current US$)",BM.GSR.MRCH.CD,..,..,..,..,855480446.927374,598070517.910614,1158228380.84358
Slovak Republic,SVK,"Goods exports (BoP, current US$)",BX.GSR.MRCH.CD,8590826423.08746,11896090154.1953,38660669205.4975,61617372910.3327,71483862052.2715,80139982636.3652,107645785144.791
Slovak Republic,SVK,"Goods imports (BoP, current US$)",BM.GSR.MRCH.CD,8820046416.3929,12790625193.2566,42128766797.809,61722965496.8531,70808584797.8178,80383781950.383,107322407485.804
Slovenia,SVN,"Goods exports (BoP, current US$)",BX.GSR.MRCH.CD,7337300000,8760700000,18074600000,24678824415.582,26566954535.7931,33863930578.3807,44781410904.7291
Slovenia,SVN,"Goods imports (BoP, current US$)",BM.GSR.MRCH.CD,8585700000,9897300000,19322800000,25679392499.7323,24929034760.3766,31198976576.4305,44312394281.0613
Solomon Islands,SLB,"Goods exports (BoP, current US$)",BX.GSR.MRCH.CD,168296191.902287,69287638.5134599,104757514.289849,223952032.230666,420708944.385288,378712318.630589,430769827.812696
Solomon Islands,SLB,"Goods imports (BoP, current US$)",BM.GSR.MRCH.CD,154525969.640917,92337666.8674839,185089309.660751,360330983.313382,437476638.193205,404024803.78208,629457451.903668
Somalia,SOM,"Goods exports (BoP, current US$)",BX.GSR.MRCH.CD,..,..,..,..,..,..,..
Somalia,SOM,"Goods imports (BoP, current US$)",BM.GSR.MRCH.CD,..,..,..,..,..,..,..
South Africa,ZAF,"Goods exports (BoP, current US$)",BX.GSR.MRCH.CD,29783450232.3617,31949744260.4212,56261041953.2079,91760122454.7508,80790790820.7164,85470584218.3308,110419727211.116
South Africa,ZAF,"Goods imports (BoP, current US$)",BM.GSR.MRCH.CD,27392615334.9127,27224781269.0316,56572087210.6681,83568196427.9891,85080679729.2608,67739687793.3196,104867215812.541
South Sudan,SSD,"Goods exports (BoP, current US$)",BX.GSR.MRCH.CD,..,..,..,..,2428700000,2190860000,4014500000
South Sudan,SSD,"Goods imports (BoP, current US$)",BM.GSR.MRCH.CD,..,..,..,..,2243460000,1918080000,2251420000
Spain,ESP,"Goods exports (BoP, current US$)",BX.GSR.MRCH.CD,93490417576.2292,117680994767.66,195073930627.475,254565471687.301,280504041252.895,304605110792.987,419587506032.454
Spain,ESP,"Goods imports (BoP, current US$)",BM.GSR.MRCH.CD,112107163154.954,155779893072.885,283552164506.817,318032841576.478,303444140284.962,312525360935.627,457085718656.05
Sri Lanka,LKA,"Goods exports (BoP, current US$)",BX.GSR.MRCH.CD,3797932903.5956,5439551442.7141,6346727000,8625820000,10546498918.6382,10047427168.9373,11910710193.22
Sri Lanka,LKA,"Goods imports (BoP, current US$)",BM.GSR.MRCH.CD,4782616787.795,6483560837.0544,7976865600,12105855000,18934596582.9319,16055375878.3924,16811130809.7807
St. Kitts and Nevis,KNA,"Goods exports (BoP, current US$)",BX.GSR.MRCH.CD,36559259.2592593,15764973.956618,33381787.3859433,41548015.4209259,34254443.5555556,27415276.4880222,30811354.4444444
St. Kitts and Nevis,KNA,"Goods imports (BoP, current US$)",BM.GSR.MRCH.CD,117122222.222222,162570042.046918,173219225.596482,293584727.073078,310437049.449185,275017037.803852,420677192.592593
St. Lucia,LCA,"Goods exports (BoP, current US$)",BX.GSR.MRCH.CD,114633333.333333,52848148.1481481,88766251.8518518,126121456.311072,113637323.066667,60794600.8960648,140356590
St. Lucia,LCA,"Goods imports (BoP, current US$)",BM.GSR.MRCH.CD,269377777.777778,312459259.259259,418122001.111111,582991851.851852,501801620.153778,484661756.740741,798362506.296296
St. Martin (French part),MAF,"Goods exports (BoP, current US$)",BX.GSR.MRCH.CD,..,..,..,..,..,..,..
St. Martin (French part),MAF,"Goods imports (BoP, current US$)",BM.GSR.MRCH.CD,..,..,..,..,..,..,..
St. Vincent and the Grenadines,VCT,"Goods exports (BoP, current US$)",BX.GSR.MRCH.CD,61940740.7407407,51351851.8518519,42567624.0740741,44997766.6666667,46282409.2592593,58206132.9111111,54376124.0740741
St. Vincent and the Grenadines,VCT,"Goods imports (BoP, current US$)",BM.GSR.MRCH.CD,119366666.666667,144234329.303704,212390947.407407,297716815.185185,294759676.57037,283018768.019221,401661505.925926
Sudan,SDN,"Goods exports (BoP, current US$)",BX.GSR.MRCH.CD,555700000,1806700000,4824279734,11404280000,3169011000,3802573401.12034,..
Sudan,SDN,"Goods imports (BoP, current US$)",BM.GSR.MRCH.CD,1066000000,1366300000,5945992800,8839397166.38891,8558203500,8853908794.2228,..
Suriname,SUR,"Goods exports (BoP, current US$)",BX.GSR.MRCH.CD,..,..,1211500000,2084097840.32374,1665753382.30401,2343773595.65689,2359664967.48265
Suriname,SUR,"Goods imports (BoP, current US$)",BM.GSR.MRCH.CD,..,..,1189100000,1397900000,1973127676.41118,1282467973.92934,1572159976.98841
Sweden,SWE,"Goods exports (BoP, current US$)",BX.GSR.MRCH.CD,80203401433.7456,92441279022.1879,135861187561.238,166225378894.015,151616384003.021,172672483366.549,223009890102.328
Sweden,SWE,"Goods imports (BoP, current US$)",BM.GSR.MRCH.CD,63925590886.6506,72038724285.3971,109981734346.585,145834181111.232,137227574018.701,146816906662.451,189258588794.463
Switzerland,CHE,"Goods exports (BoP, current US$)",BX.GSR.MRCH.CD,98016170964.2884,95116039172.5198,154777280830.259,285311228402.895,312070394627.132,353460786858.297,488906385809.195
Switzerland,CHE,"Goods imports (BoP, current US$)",BM.GSR.MRCH.CD,93879545046.347,93626343789.2702,142955646955.852,242653367996.072,248541461384.424,289978883697.597,363961999285.159
Syrian Arab Republic,SYR,"Goods exports (BoP, current US$)",BX.GSR.MRCH.CD,3858000000,5146000000,8602000000,12272749952.7662,..,..,..
Syrian Arab Republic,SYR,"Goods imports (BoP, current US$)",BM.GSR.MRCH.CD,4004000000,3723000000,8742000000,15875729420.1912,..,..,..
Tajikistan,TJK,"Goods exports (BoP, current US$)",BX.GSR.MRCH.CD,..,..,345683700,457498800,572307520,1270628872,1861478563
Tajikistan,TJK,"Goods imports (BoP, current US$)",BM.GSR.MRCH.CD,..,..,1134008481.856,2932161064.65309,2862361738.77429,2715509528.86152,5183155968.1
Tanzania,TZA,"Goods exports (BoP, current US$)",BX.GSR.MRCH.CD,682543689.9513,733600208.8579,1702496235.99608,4324280328.4735,4774630165.27822,6371715783.63866,7696557688.87009
Tanzania,TZA,"Goods imports (BoP, current US$)",BM.GSR.MRCH.CD,1340000463.0904,1367602534.4641,2997570096.9245,7165517770.80826,7965165723.0115,7831691887.3956,13728906658.8666
Thailand,THA,"Goods exports (BoP, current US$)",BX.GSR.MRCH.CD,55446656853.8833,67893605163.5646,109362010000,192902960000,213364021658.177,226983915747.369,280745604804.643
Thailand,THA,"Goods imports (BoP, current US$)",BM.GSR.MRCH.CD,63414719170.9328,56192998493.6107,105960150000,166225250000,187247531621.338,186582315538.254,261366743352.698
Timor-Leste,TLS,"Goods exports (BoP, current US$)",BX.GSR.MRCH.CD,..,..,..,27080122.7605263,18048200,1558360070.49747,632395334.470241
Timor-Leste,TLS,"Goods imports (BoP, current US$)",BM.GSR.MRCH.CD,..,..,..,307447777.138175,652926496.626764,636612237.448781,781461385.308516
Togo,TGO,"Goods exports (BoP, current US$)",BX.GSR.MRCH.CD,377402772.85227,362720510.514095,634341645.970738,977107166.978741,1010951314.81879,1207444305.63986,..
Togo,TGO,"Goods imports (BoP, current US$)",BM.GSR.MRCH.CD,506462580.831584,485660554.590992,917788762.170036,1425779755.90074,2044085022.16684,1951337517.71526,..
Tonga,TON,"Goods exports (BoP, current US$)",BX.GSR.MRCH.CD,..,..,21837437.3329439,9734448.85449079,21659029.363911,17940972.4089276,12979855.3610434
Tonga,TON,"Goods imports (BoP, current US$)",BM.GSR.MRCH.CD,..,..,109642849.08901,177790799.263626,202351328.52698,209204114.631292,233609356.829178
Trinidad and Tobago,TTO,"Goods exports (BoP, current US$)",BX.GSR.MRCH.CD,2456136762.14788,4275100226.20306,9981746809.66517,11219327322.1487,11726818876.5807,6002898481.83808,10378341534.4872
Trinidad and Tobago,TTO,"Goods imports (BoP, current US$)",BM.GSR.MRCH.CD,1868473685.27977,3305500174.89982,5709800000,6481400000,7529492994.82087,5018815269.56158,6615652538.81913
Tunisia,TUN,"Goods exports (BoP, current US$)",BX.GSR.MRCH.CD,5469733016.12477,5899976897.16809,10691262235.6961,16493433002.6547,14158771426.7508,5686530875.4911,9037060640.60123
Tunisia,TUN,"Goods imports (BoP, current US$)",BM.GSR.MRCH.CD,7458630716.36268,8093043615.71481,12594481412.0186,21005449210.5631,19177467660.7405,12487293093.762,18089655120.9224
Turkiye,TUR,"Goods exports (BoP, current US$)",BX.GSR.MRCH.CD,21975000000,30923000000,78509000000,120992000000,154865000000,168378000000,250999000000
Turkiye,TUR,"Goods imports (BoP, current US$)",BM.GSR.MRCH.CD,35089000000,52882000000,111445000000,177317000000,203874000000,206252000000,337343000000
Turkmenistan,TKM,"Goods exports (BoP, current US$)",BX.GSR.MRCH.CD,..,..,..,..,..,..,..
Turkmenistan,TKM,"Goods imports (BoP, current US$)",BM.GSR.MRCH.CD,..,..,..,..,..,..,..
Turks and Caicos Islands,TCA,"Goods exports (BoP, current US$)",BX.GSR.MRCH.CD,..,..,..,..,4645879,..,..
Turks and Caicos Islands,TCA,"Goods imports (BoP, current US$)",BM.GSR.MRCH.CD,..,..,..,..,394887053,..,..
Tuvalu,TUV,"Goods exports (BoP, current US$)",BX.GSR.MRCH.CD,..,..,336776.617571442,10014602.9041907,477791.790638609,172225.681633487,..
Tuvalu,TUV,"Goods imports (BoP, current US$)",BM.GSR.MRCH.CD,..,..,10698493.3510165,18410507.5778037,31488198.8962157,27188204.6822587,..
Uganda,UGA,"Goods exports (BoP, current US$)",BX.GSR.MRCH.CD,560300000,449900000,1015857576.2569,2163974070.52818,2667186166.80386,4461295408.45543,7003113946.66363
Uganda,UGA,"Goods imports (BoP, current US$)",BM.GSR.MRCH.CD,926810000,949700000,1745567084.4372,4375690952.49038,4938057913.13919,7098121798.43695,10152460094.0342
Ukraine,UKR,"Goods exports (BoP, current US$)",BX.GSR.MRCH.CD,13149000000,13781000000,32184000000,47299000000,35420000000,45143000000,34678000000
Ukraine,UKR,"Goods imports (BoP, current US$)",BM.GSR.MRCH.CD,15509000000,13907000000,34377000000,56896000000,38875000000,51921000000,63473000000
United Arab Emirates,ARE,"Goods exports (BoP, current US$)",BX.GSR.MRCH.CD,..,..,..,..,..,..,..
United Arab Emirates,ARE,"Goods imports (BoP, current US$)",BM.GSR.MRCH.CD,..,..,..,..,..,..,..
United Kingdom,GBR,"Goods exports (BoP, current US$)",BX.GSR.MRCH.CD,242317882188.595,282733656822.74,385924000545.706,411131776110.445,429134621597.144,402879198250.318,489011221997.718
United Kingdom,GBR,"Goods imports (BoP, current US$)",BM.GSR.MRCH.CD,261323849676.495,342874818375.991,520614537775.052,565049983297.545,620553414216.217,568514940475.173,722131713112.53
United States,USA,"Goods exports (BoP, current US$)",BX.GSR.MRCH.CD,575204000000,784939000000,913016000000,1290279000000,1511383000000,1433850000000,2045220000000
United States,USA,"Goods imports (BoP, current US$)",BM.GSR.MRCH.CD,749374000000,1231722000000,1695821000000,1938952000000,2273249000000,2346728000000,3108509000000
Uruguay,URY,"Goods exports (BoP, current US$)",BX.GSR.MRCH.CD,2147600000,2383784779.68443,3774078194.38783,8030689479.04001,11430419594.1159,10160644493.2432,15163969490.9948
Uruguay,URY,"Goods imports (BoP, current US$)",BM.GSR.MRCH.CD,2710600000,3311107520,3753258700.36048,8557692818.99725,10101325717.6554,7903627989.19824,13030390097.5328
Uzbekistan,UZB,"Goods exports (BoP, current US$)",BX.GSR.MRCH.CD,..,..,4761667513.20208,10647939647.0349,9481463079.0143,12832166265.0595,19616583404.8572
Uzbekistan,UZB,"Goods imports (BoP, current US$)",BM.GSR.MRCH.CD,..,..,3402908419.78598,9984977680.22904,11575963790.8547,19048314708.6048,34475556679.0485
Vanuatu,VUT,"Goods exports (BoP, current US$)",BX.GSR.MRCH.CD,28279003.2573096,27191147.5060247,38113245.1119587,48764329.4422969,38847651.8935364,46161284.7586434,..
Vanuatu,VUT,"Goods imports (BoP, current US$)",BM.GSR.MRCH.CD,79436514.870064,76935982.1431167,131146628.013477,243799272.662521,307983998.146857,253671600.101564,..
"Venezuela, RB",VEN,"Goods exports (BoP, current US$)",BX.GSR.MRCH.CD,19068000000,33525000000,55712000000,66883000000,37232000000,..,..
"Venezuela, RB",VEN,"Goods imports (BoP, current US$)",BM.GSR.MRCH.CD,12007000000,16837000000,24002000000,41702000000,33276000000,..,..
Viet Nam,VNM,"Goods exports (BoP, current US$)",BX.GSR.MRCH.CD,..,14448000000,32447000000,72237000000,162017000000,282629000000,355231000000
Viet Nam,VNM,"Goods imports (BoP, current US$)",BM.GSR.MRCH.CD,..,14073000000,34886189000,77373000000,154643000000,251921000000,310787000000
Virgin Islands (U.S.),VIR,"Goods exports (BoP, current US$)",BX.GSR.MRCH.CD,..,..,..,..,..,..,..
Virgin Islands (U.S.),VIR,"Goods imports (BoP, current US$)",BM.GSR.MRCH.CD,..,..,..,..,..,..,..
West Bank and Gaza,PSE,"Goods exports (BoP, current US$)",BX.GSR.MRCH.CD,489600000,569200524.746349,498103376.709763,816451536.045811,1667685013.60386,1715101233.80232,2522980135.29068
West Bank and Gaza,PSE,"Goods imports (BoP, current US$)",BM.GSR.MRCH.CD,2398500000,2374042117.33501,3116559490.83273,4270976571.08194,6172824256.47303,6498026107.328,9644072035.9121
"Yemen, Rep.",YEM,"Goods exports (BoP, current US$)",BX.GSR.MRCH.CD,..,..,6413184250.75468,7648263494.65773,1438879485.31818,..,..
"Yemen, Rep.",YEM,"Goods imports (BoP, current US$)",BM.GSR.MRCH.CD,..,..,4712889913.70085,8472912000,6422776000,..,..
Zambia,ZMB,"Goods exports (BoP, current US$)",BX.GSR.MRCH.CD,..,756960000,2278227201.329,7483488751.46666,7361953250.29873,8002853404.89726,10521101208.9997
Zambia,ZMB,"Goods imports (BoP, current US$)",BM.GSR.MRCH.CD,..,977690000,2160746100,4709901002.9,7436213012.7,4786845597.9,9148247752.70886
Zimbabwe,ZWE,"Goods exports (BoP, current US$)",BX.GSR.MRCH.CD,..,..,..,3245065709.04361,3577478215.53214,4931858885.06864,7203513158.72704
Zimbabwe,ZWE,"Goods imports (BoP, current US$)",BM.GSR.MRCH.CD,..,..,..,5080811857.28489,5691009108.50463,4719667751.9352,8656440886.62472
Africa Eastern and Southern,AFE,"Goods exports (BoP, current US$)",BX.GSR.MRCH.CD,49430314770.6818,57692407076.2703,115180384080.598,210685486178.231,180726321379.638,180821720814.743,260819836318.354
Africa Eastern and Southern,AFE,"Goods imports (BoP, current US$)",BM.GSR.MRCH.CD,52540337666.0998,52438752200.4369,112290871649.264,192217117981.255,221391156052.951,186118786455.215,282573057463.963
Africa Western and Central,AFW,"Goods exports (BoP, current US$)",BX.GSR.MRCH.CD,17217851985.5079,39356779132.8601,94276001554.4933,145956949607.889,108419423908.147,118271722046.42,..
Africa Western and Central,AFW,"Goods imports (BoP, current US$)",BM.GSR.MRCH.CD,13858749245.757,23234592400.4137,56791016408.0368,106706855708.631,122262005025.881,129154926154.064,..
Arab World,ARB,"Goods exports (BoP, current US$)",BX.GSR.MRCH.CD,..,..,..,..,..,..,..
Arab World,ARB,"Goods imports (BoP, current US$)",BM.GSR.MRCH.CD,164946368154.003,179458583660.357,345679465569.339,613803902598.07,770981216892.633,667848786797.807,945755614176.63
Caribbean small states,CSS,"Goods exports (BoP, current US$)",BX.GSR.MRCH.CD,2255414661.24259,2862136891.22267,3445598149.87993,5192517392.2788,5155478150.06481,6762165206.31841,..
Caribbean small states,CSS,"Goods imports (BoP, current US$)",BM.GSR.MRCH.CD,4318032666.62611,6326337866.36072,8032202245.10013,9653784247.56398,10807347851.0147,9392652443.16853,15958961064.414
Central Europe and the Baltics,CEB,"Goods exports (BoP, current US$)",BX.GSR.MRCH.CD,91215033224.1063,125165566679.587,331651702738.274,555828437191.61,630611606048.661,782838838378.588,1089387654261.12
Central Europe and the Baltics,CEB,"Goods imports (BoP, current US$)",BM.GSR.MRCH.CD,108519989617.776,159399951754.089,382380451297.929,599169302476.648,644769784313.666,798351178621.907,1136166585161.94
Early-demographic dividend,EAR,"Goods exports (BoP, current US$)",BX.GSR.MRCH.CD,422119086521.686,684637067010.145,1156523879229.52,1829111319526,1865619372711.95,1932486834683.2,2917557665806.69
Early-demographic dividend,EAR,"Goods imports (BoP, current US$)",BM.GSR.MRCH.CD,420999631300.847,625866938023.909,1023714096197.93,1809923981227.59,2187683466606.53,2063968690944.82,3240557726099.87
East Asia & Pacific,EAS,"Goods exports (BoP, current US$)",BX.GSR.MRCH.CD,1304114721511.4,1592149516032.42,2818320857491.58,4652218208110.06,5562097808565.51,6190002633056.34,7737066785686.56
East Asia & Pacific,EAS,"Goods imports (BoP, current US$)",BM.GSR.MRCH.CD,1217641509210.6,1373419972333.99,2423011361641.22,4070696347185.4,4718312324232.34,5266956478946,6784377821420.96
East Asia & Pacific (excluding high income),EAP,"Goods exports (BoP, current US$)",BX.GSR.MRCH.CD,333120072282.15,385893586446.203,1098867185971.65,2143067350748.95,2926442330087,3477376570937.29,4440725512513.3
East Asia & Pacific (excluding high income),EAP,"Goods imports (BoP, current US$)",BM.GSR.MRCH.CD,328763889387.628,351202817129.381,928712638279.975,1831057172825.94,2304803787296.57,2865495683964.57,3770600903328.95
East Asia & Pacific (IDA & IBRD countries),TEA,"Goods exports (BoP, current US$)",BX.GSR.MRCH.CD,332682613930.757,385386825112.419,1097424136850.4,2140232370303.98,2922558003903.24,3472732932241.47,4434814288757.07
East Asia & Pacific (IDA & IBRD countries),TEA,"Goods imports (BoP, current US$)",BM.GSR.MRCH.CD,328170405802.026,350568826858.821,927036129014.964,1827634119073.65,2300563995121.93,2860182178765.52,3763546046789.84
Euro area,EMU,"Goods exports (BoP, current US$)",BX.GSR.MRCH.CD,1642447965286.34,1745164646572.75,2912673001672.31,3633851989512.09,3819609890660.21,4136374798462.72,5425445458657.59
Euro area,EMU,"Goods imports (BoP, current US$)",BM.GSR.MRCH.CD,1505304714602.61,1711123063821.21,2795638755602.38,3534411256531.28,3379562056099.62,3718490720242.57,5083374974927.91
Europe & Central Asia,ECS,"Goods exports (BoP, current US$)",BX.GSR.MRCH.CD,2352865825765.14,2597348462416.84,4456864334784.84,5874709555159.19,6071384004484.68,6574764189607.46,8780469408543
Europe & Central Asia,ECS,"Goods imports (BoP, current US$)",BM.GSR.MRCH.CD,2215655463927.02,2563511981325.9,4331789698849.85,5730200778374.67,5623247351046.76,6195206831806.66,8446543823893.66
Europe & Central Asia (excluding high income),ECA,"Goods exports (BoP, current US$)",BX.GSR.MRCH.CD,54091763279.0447,72206394126.4085,187484871607.879,325162972541.199,322943335899.159,366115206138.41,544706696521.875
Europe & Central Asia (excluding high income),ECA,"Goods imports (BoP, current US$)",BM.GSR.MRCH.CD,78272578817.0179,102548479952.219,226730813349.306,378203993425.693,391550895017.48,437402708879.058,693094269408.482
Europe & Central Asia (IDA & IBRD countries),TEC,"Goods exports (BoP, current US$)",BX.GSR.MRCH.CD,178988152702.048,226019411233.842,549214463808.493,946536262435.427,936400490759.685,1062685496170.73,1492114610816.26
Europe & Central Asia (IDA & IBRD countries),TEC,"Goods imports (BoP, current US$)",BM.GSR.MRCH.CD,188737034598.528,216501130834.502,507387098521.521,895112688107.218,878851228292.136,1067160191273.39,1569380010410.23
European Union,EUU,"Goods exports (BoP, current US$)",BX.GSR.MRCH.CD,1830444373810.06,1979123503329.12,3375695319346.75,4321910379150.07,4550975613855.72,5023822420508.84,6646007578191.67
European Union,EUU,"Goods imports (BoP, current US$)",BM.GSR.MRCH.CD,1681634402651.93,1942958120712.21,3252039703940.61,4215809412830.74,4084792761956.84,4567360464547.9,6257261151185.29
Fragile and conflict affected situations,FCS,"Goods exports (BoP, current US$)",BX.GSR.MRCH.CD,67169531154.3514,113665843407.969,241733555594.967,378930602986.03,255335401027.525,252765747875.748,398993670736.639
Fragile and conflict affected situations,FCS,"Goods imports (BoP, current US$)",BM.GSR.MRCH.CD,69489412783.6984,82036819236.526,172356618545.081,322276526167.746,323333796285.575,305126500033.315,..
Heavily indebted poor countries (HIPC),HPC,"Goods exports (BoP, current US$)",BX.GSR.MRCH.CD,..,27042019115.584,50424898303.5275,104104915457.878,110088686481.978,137932903144.054,..
Heavily indebted poor countries (HIPC),HPC,"Goods imports (BoP, current US$)",BM.GSR.MRCH.CD,25657496295.2051,31711979013.6433,65030377097.991,126328583625.522,169860545116.818,168458923007.76,..
High income,HIC,"Goods exports (BoP, current US$)",BX.GSR.MRCH.CD,4333308951652.36,5225766858994.44,7966977645966,10721076927437,11221580800905,11604647549680.5,15470053428124.6
High income,HIC,"Goods imports (BoP, current US$)",BM.GSR.MRCH.CD,4116329641655.48,5239915459542.02,8036226277243.46,10541141959744.1,11073699012152.2,11616047192943.1,15415406197550.2
IBRD only,IBD,"Goods exports (BoP, current US$)",BX.GSR.MRCH.CD,829850407318.742,1128458396640.75,2566036022343.36,4610911705293.87,5362438570129.38,6071361231755.62,8262778416857
IBRD only,IBD,"Goods imports (BoP, current US$)",BM.GSR.MRCH.CD,844741193213.321,1077791836689.09,2252245337137.07,4253068864243.91,4898089446911.32,5463771549084.6,7752026761241.01
IDA & IBRD total,IBT,"Goods exports (BoP, current US$)",BX.GSR.MRCH.CD,886309222746.823,1213947343418.88,2738322462104.32,4898824008610.93,5644076440143.38,6392264007749.07,8725387230442.4
IDA & IBRD total,IBT,"Goods imports (BoP, current US$)",BM.GSR.MRCH.CD,918259058945.627,1165969331630.59,2427506557145.87,4581023824219.48,5322602889512.26,5920653081267.57,8365036073119.84
IDA blend,IDB,"Goods exports (BoP, current US$)",BX.GSR.MRCH.CD,23203513358.3467,41357659443.1074,95685789520.3682,144379326511.427,111233833836.395,105916693816.551,152113517981.864
IDA blend,IDB,"Goods imports (BoP, current US$)",BM.GSR.MRCH.CD,27046783996.0459,30764032550.5842,70808959027.1668,129044320769.109,146882606341.441,156643602833.43,185597778225.097
IDA only,IDX,"Goods exports (BoP, current US$)",BX.GSR.MRCH.CD,34727076575.147,46490892199.3719,76342955307.6936,142931672021.836,170559405676.704,217657309324.726,321450968310.135
IDA only,IDX,"Goods imports (BoP, current US$)",BM.GSR.MRCH.CD,47504652920.2342,58081714932.5582,103480832896.784,197008785828.956,277439440155.666,299517939583.948,421899094814.187
IDA total,IDA,"Goods exports (BoP, current US$)",BX.GSR.MRCH.CD,56321448911.3239,86711237759.9781,172405279783.893,288442918449.457,281653041118.989,320698804031.444,467414726765.462
IDA total,IDA,"Goods imports (BoP, current US$)",BM.GSR.MRCH.CD,74457743615.6508,88557047510.6456,174782149181.61,327179788698.977,424517208569.973,455956150667.481,603606105907.544
Late-demographic dividend,LTE,"Goods exports (BoP, current US$)",BX.GSR.MRCH.CD,623075294216.973,744810081196.692,2057449149540.07,3733813021984.12,4603672358818.41,5307185468123.03,7033751693285.46
Late-demographic dividend,LTE,"Goods imports (BoP, current US$)",BM.GSR.MRCH.CD,596008993601.67,653945432526.235,1624049256481.2,3063878262497.56,3598348733840.72,4346552540202.02,5824289986462.9
Latin America & Caribbean,LCN,"Goods exports (BoP, current US$)",BX.GSR.MRCH.CD,218651812998.71,388998352388.253,623623508514.33,961963609044.093,999447829467.869,1063028723582.42,1568176411222.75
Latin America & Caribbean,LCN,"Goods imports (BoP, current US$)",BM.GSR.MRCH.CD,217868255335.935,385780322293.311,528596416973.646,895032766871.782,1034505658881.42,946468790923.7,1463510377695.13
Latin America & Caribbean (excluding high income),LAC,"Goods exports (BoP, current US$)",BX.GSR.MRCH.CD,154569457615.857,294039560968.245,453305427895.319,717878829256.376,787644043552.715,850269863683.026,1257424556641.74
Latin America & Caribbean (excluding high income),LAC,"Goods imports (BoP, current US$)",BM.GSR.MRCH.CD,166405911328.304,316358086888.139,422598288229.154,717126731913.941,849305225774.679,799410790182.421,1233735137648.97
Latin America & the Caribbean (IDA & IBRD countries),TLA,"Goods exports (BoP, current US$)",BX.GSR.MRCH.CD,200537738283.271,358872884152.663,571475680671.699,888215832306.586,923215220858.968,981972677774.921,1448037462300.55
Latin America & the Caribbean (IDA & IBRD countries),TLA,"Goods imports (BoP, current US$)",BM.GSR.MRCH.CD,203804647601.698,361728228588.188,492852758602.584,841824987319.981,973654684902.451,891752631655.718,1378179643331.54
Least developed countries: UN classification,LDC,"Goods exports (BoP, current US$)",BX.GSR.MRCH.CD,22688983587.7225,34279375266.7837,75889622508.737,155109094809.797,157155534530.259,183908774383.818,277489599188.789
Least developed countries: UN classification,LDC,"Goods imports (BoP, current US$)",BM.GSR.MRCH.CD,32733554919.1529,39877857676.1456,77901296221.5683,155258933392.7,223075866882.993,237555696355.72,331982932212.205
Low & middle income,LMY,"Goods exports (BoP, current US$)",BX.GSR.MRCH.CD,715824722686.705,995057492118.05,2257937489707.15,4107620244466.71,4899809694465.43,5567227845188.83,7595175800617.69
Low & middle income,LMY,"Goods imports (BoP, current US$)",BM.GSR.MRCH.CD,772872777167.441,1007020322577.13,2078786880517.55,3944813415512.72,4720060049851.71,5207446870624.13,7356618171662
Low income,LIC,"Goods exports (BoP, current US$)",BX.GSR.MRCH.CD,..,..,33053594857.7637,60211498229.9233,49775962521.4326,63903805330.2215,..
Low income,LIC,"Goods imports (BoP, current US$)",BM.GSR.MRCH.CD,..,..,39574506237.8801,76725868427.8833,98772842330.1669,101933136911.46,..
Lower middle income,LMC,"Goods exports (BoP, current US$)",BX.GSR.MRCH.CD,121449375102.323,179249932834.188,368135296491.21,693753949411.827,816431945426.122,965799638340.102,1350664199876.3
Lower middle income,LMC,"Goods imports (BoP, current US$)",BM.GSR.MRCH.CD,169568471367.447,215853577066.308,421464779835.765,887399295810.68,1122799162145.57,1210651206682.43,1774222851959.85
Middle East & North Africa,MEA,"Goods exports (BoP, current US$)",BX.GSR.MRCH.CD,..,..,..,..,..,..,..
Middle East & North Africa,MEA,"Goods imports (BoP, current US$)",BM.GSR.MRCH.CD,211549513233.455,241507053227.193,412131980512.152,702415212328.826,868475239299.767,775460102037.859,1090849398193.27
Middle East & North Africa (excluding high income),MNA,"Goods exports (BoP, current US$)",BX.GSR.MRCH.CD,..,..,207148224057.259,325910182321.69,232645904851.76,209768107946.613,420234269029.704
Middle East & North Africa (excluding high income),MNA,"Goods imports (BoP, current US$)",BM.GSR.MRCH.CD,..,..,152403267243.338,280732381260.554,306120090957.236,271556903453.195,374148383356.456
Middle East & North Africa (IDA & IBRD countries),TMN,"Goods exports (BoP, current US$)",BX.GSR.MRCH.CD,..,..,207130441602.824,325838317455.526,231064801499.768,208044545659.417,418147326196.478
Middle East & North Africa (IDA & IBRD countries),TMN,"Goods imports (BoP, current US$)",BM.GSR.MRCH.CD,..,..,149319185208.398,276663844994.256,299909261327.837,264839200945.459,364049135764.746
Middle income,MIC,"Goods exports (BoP, current US$)",BX.GSR.MRCH.CD,704605272360.395,980174103462.671,2227840904521.31,4052820519084.74,4851544787218.24,5506508483782.02,7499801007019.77
Middle income,MIC,"Goods imports (BoP, current US$)",BM.GSR.MRCH.CD,757822831944.945,990537637621.551,2038713329781.75,3867244346030.97,4621612259070.75,5104388590699.06,7204605411574.29
North America,NAC,"Goods exports (BoP, current US$)",BX.GSR.MRCH.CD,768148507165.959,1073006162975.74,1283603491873.48,1682652503176.17,1922534316833.35,1824418191025.64,2614377530191.14
North America,NAC,"Goods imports (BoP, current US$)",BM.GSR.MRCH.CD,917111336784.825,1476097510444.92,2016788773856.03,2341665688039.02,2703933839355.45,2768489082848.26,3680306388684.26
Not classified,INX,"Goods exports (BoP, current US$)",BX.GSR.MRCH.CD,..,..,..,..,..,..,..
Not classified,INX,"Goods imports (BoP, current US$)",BM.GSR.MRCH.CD,..,..,..,..,..,..,..
OECD members,OED,"Goods exports (BoP, current US$)",BX.GSR.MRCH.CD,3635727295806.56,4469119088949.51,6656319878298.01,8795135087089.91,9317798520276.92,9776613973787.73,13105408239040.9
OECD members,OED,"Goods imports (BoP, current US$)",BM.GSR.MRCH.CD,3573381210324.82,4744530224689.04,7217431632215.62,9246826013417.32,9696381255887.32,10182981495899.5,13792609654097.8
Other small states,OSS,"Goods exports (BoP, current US$)",BX.GSR.MRCH.CD,17573855038.7253,21943467130.0758,37278341191.7061,52736956032.6029,57923114770.702,61355033497.479,89420141996.9306
Other small states,OSS,"Goods imports (BoP, current US$)",BM.GSR.MRCH.CD,19963276349.6865,24209375730.7671,43492568326.4004,58186388508.6557,67830958884.9518,72943398845.8344,107891517311.522
Pacific island small states,PSS,"Goods exports (BoP, current US$)",BX.GSR.MRCH.CD,810919905.552191,722465606.532938,962121837.251771,1278647596.062,1610879536.5974,1439421494.61336,..
Pacific island small states,PSS,"Goods imports (BoP, current US$)",BM.GSR.MRCH.CD,1355581758.85945,1335215178.8373,2395528492.03708,3098639401.26476,3717803479.94215,3189627940.36175,..
Post-demographic dividend,PST,"Goods exports (BoP, current US$)",BX.GSR.MRCH.CD,3746801140994.43,4454931911344.29,6599765909964.63,8716242067824.05,9119234387500.11,9463429435720.84,12460198420310.5
Post-demographic dividend,PST,"Goods imports (BoP, current US$)",BM.GSR.MRCH.CD,3675416694397.9,4690828130527.25,7105512715739.34,9145119243561.13,9509854167798.79,9975097911207.14,13155844972900.2
Pre-demographic dividend,PRE,"Goods exports (BoP, current US$)",BX.GSR.MRCH.CD,..,..,153423268290.664,279204074449.197,222493522219.357,219920832494.09,360836757136.773
Pre-demographic dividend,PRE,"Goods imports (BoP, current US$)",BM.GSR.MRCH.CD,..,..,108109742249.335,208587892831.742,244321985560.725,239576661937.34,321250580989.971
Small states,SST,"Goods exports (BoP, current US$)",BX.GSR.MRCH.CD,20529748902.9815,25332959751.3094,41698166732.886,59244869168.6579,64707453736.9074,69471585898.5571,106604941056.022
Small states,SST,"Goods imports (BoP, current US$)",BM.GSR.MRCH.CD,25605383688.2664,31860840761.1825,53987783281.724,70905833396.6818,82321802709.4198,85453109937.4578,128277336457.641
South Asia,SAS,"Goods exports (BoP, current US$)",BX.GSR.MRCH.CD,47762931122.4208,64900865925.7297,134880207795.86,282338798311.617,339554682695.474,348566452634.328,532525368127.822
South Asia,SAS,"Goods imports (BoP, current US$)",BM.GSR.MRCH.CD,62170840583.9557,80978652407.2573,181316845428.489,441910751930.203,522502842285.613,504159151271.331,834661219183.346
South Asia (IDA & IBRD),TSA,"Goods exports (BoP, current US$)",BX.GSR.MRCH.CD,47762931122.4208,64900865925.7297,134880207795.86,282338798311.617,339554682695.474,348566452634.328,532525368127.822
South Asia (IDA & IBRD),TSA,"Goods imports (BoP, current US$)",BM.GSR.MRCH.CD,62170840583.9557,80978652407.2573,181316845428.489,441910751930.203,522502842285.613,504159151271.331,834661219183.346
Sub-Saharan Africa,SSF,"Goods exports (BoP, current US$)",BX.GSR.MRCH.CD,67810476665.6074,96907508850.2174,207978703038.628,356306691816.8,289581762267.055,297741662554.893,420699314715.674
Sub-Saharan Africa,SSF,"Goods imports (BoP, current US$)",BM.GSR.MRCH.CD,67464812231.1602,75874995720.4869,168939672483.243,298501365582.197,343234477427.253,312557715798.564,428877774133.157
Sub-Saharan Africa (excluding high income),SSA,"Goods exports (BoP, current US$)",BX.GSR.MRCH.CD,67763758480.7172,96707142501.4977,207623480486.408,355911637082.129,289131110368.391,297268799223.725,420160495363.747
Sub-Saharan Africa (excluding high income),SSA,"Goods imports (BoP, current US$)",BM.GSR.MRCH.CD,67258514479.3541,75557207940.9316,168282044998.24,297720991172.837,342311713928.452,311728760644.37,427393218183.701
Sub-Saharan Africa (IDA & IBRD countries),TSS,"Goods exports (BoP, current US$)",BX.GSR.MRCH.CD,67810476665.6074,96907508850.2174,207978703038.628,356306691816.8,289581762267.055,297741662554.894,420699314715.675
Sub-Saharan Africa (IDA & IBRD countries),TSS,"Goods imports (BoP, current US$)",BM.GSR.MRCH.CD,67464812231.1603,75874995720.4869,168939672483.243,298501365582.197,343234477427.253,312557715798.564,428877774133.157
Upper middle income,UMC,"Goods exports (BoP, current US$)",BX.GSR.MRCH.CD,582653409732.68,800460421937.776,1859639119077.21,3358672062414.03,4034956280934.86,4539470746797.3,6147034646628.04
Upper middle income,UMC,"Goods imports (BoP, current US$)",BM.GSR.MRCH.CD,588544041479.496,774769085621.07,1618141652100.52,2980434121094.04,3498413127389.46,3892986659008,5427695322946.22
World,WLD,"Goods exports (BoP, current US$)",BX.GSR.MRCH.CD,5043834791237.69,6239527070012.77,10263684164978.4,14889692185162,16157940131312.6,17204980105006.4,23111387992029.7
World,WLD,"Goods imports (BoP, current US$)",BM.GSR.MRCH.CD,4892044532366.12,6256439396000.03,10127598016901.4,14523867484268,15826920097389.6,16842103399859.5,22798217975702.9
,,,,,,,,,,
,,,,,,,,,,
,,,,,,,,,,
Data from database: World Development Indicators,,,,,,,,,,
Last Updated: 12/16/2024,,,,,,,,,,
